STATUS,PACKETCODE,SHAPE,CRTWT,COL,CLR,rapaport,CUT,POL,SYM,FLOURESENCE,NATTS,COL-SHADE,MILKY,eye_clean,DIA_MN,DIA_MX,DPL,TBL,HT,LW,LAB,type2a_name,heart_and_arrow,measurement,GIRDLE,LN,WD,CA,CH,PA,PD,KTSVIEW,CERT_NO,COMMENT,LOC,INS,ARRIMG,CERTIMG,VIDEOS,VIDEOS_MP4,ASSET_PATH,HRTIMG,DIAMONDIMG,TYPE2A_PATH,PLOTIMG,EFCM,Culet,Origin,ROUGH_PHOTO_PATH,ROUGH_PLAN_PATH,Process Carat,final_carat,is_fancy,final_discount,RTE,final_amount
MKAV,3325534,ROUND,16.71,I,VS2,38500.0,EX,EX,EX,MED,YT1,NB,NO,EC0,16.11,16.24,62.7,58.0,10.15,null,GIA,null,NO,16.11*16.24-10.15,STK,null,null,36.0,15.5,40.8,43.0,Crystal  Feather  Needle,1216931945,Pinpoints are not shown. Clouds are not shown.,MUMBAI,GIA 1216931945 ,https://d1wzmxdlubs910.cloudfront.net/ARRIMG/3325534.jpg,https://d1wzmxdlubs910.cloudfront.net/CERTIMG/1216931945.jpg,https://d1wzmxdlubs910.cloudfront.net/VIDEOS/3325534.html,https://d1wzmxdlubs910.cloudfront.net/VIDEOS_MP4/3325534.mp4,https://d1wzmxdlubs910.cloudfront.net/ASSET/3325534.jpg,https://d1wzmxdlubs910.cloudfront.net/HRTIMG/3325534.jpg,https://d1wzmxdlubs910.cloudfront.net/DIAMONDIMG/3325534.jpg,,,NO,0.15,NAMIBIA,,https://d1wzmxdlubs910.cloudfront.net/ROUGH_PLANNING/3325534.png,25.45,16.71,0,-19.0,31185.0,521101.35
MKAV,1752288,ROUND,8.02,D,SI1,39500.0,EX,EX,EX,NON,YT1,NB,NO,EC2,12.68,12.79,62.5,59.0,7.95,null,GIA,null,NO,12.68*12.79-7.95,STK,null,null,33.5,13.5,41.6,44.5,Crystal  Feather  Cloud,5212048162,Additional clouds are not shown. Pinpoints are not shown.,MUMBAI,GIA 5212048162 ,https://d1wzmxdlubs910.cloudfront.net/ARRIMG/1752288.jpg,https://d1wzmxdlubs910.cloudfront.net/CERTIMG/5212048162.jpg,https://d1wzmxdlubs910.cloudfront.net/VIDEOS/1752288.html,https://d1wzmxdlubs910.cloudfront.net/VIDEOS_MP4/1752288.mp4,https://d1wzmxdlubs910.cloudfront.net/ASSET/1752288.jpg,https://d1wzmxdlubs910.cloudfront.net/HRTIMG/1752288.jpg,https://d1wzmxdlubs910.cloudfront.net/DIAMONDIMG/1752288.jpg,,,NO,0.22,NAMIBIA,https://d1wzmxdlubs910.cloudfront.net/ROUGH_PHOTO/1752288.jpg,https://d1wzmxdlubs910.cloudfront.net/ROUGH_PLANNING/1752288.png,14.56,8.02,0,-23.4988,30218.0,242348.36
MKAV,1141954,ROUND,7.67,J,SI2,15000.0,EX,EX,EX,NON,YT1,NB,NO,EC2,12.46,12.55,62.0,59.0,7.76,null,GIA,null,NO,12.46*12.55-7.76,STK,null,null,35.5,15.0,40.8,43.0,Crystal  Pinpoint,1216919773,Clouds are not shown.,MUMBAI,GIA 1216919773 ,https://d1wzmxdlubs910.cloudfront.net/ARRIMG/1141954.jpg,https://d1wzmxdlubs910.cloudfront.net/CERTIMG/1216919773.jpg,https://d1wzmxdlubs910.cloudfront.net/VIDEOS/1141954.html,https://d1wzmxdlubs910.cloudfront.net/VIDEOS_MP4/1141954.mp4,https://d1wzmxdlubs910.cloudfront.net/ASSET/1141954.jpg,https://d1wzmxdlubs910.cloudfront.net/HRTIMG/1141954.jpg,https://d1wzmxdlubs910.cloudfront.net/DIAMONDIMG/1141954.jpg,,,NO,0.23,RUSSIA,https://d1wzmxdlubs910.cloudfront.net/ROUGH_PHOTO/1141954.jpg,https://d1wzmxdlubs910.cloudfront.net/ROUGH_PLANNING/1141954.png,11.83,7.67,0,-6.5,14025.0,107571.75
MKAV,1009092,ROUND,7.2,D,I2,4800.0,VG,VG,VG,FNT,YT,NB,NO,EC2,11.91,12.05,64.68,55.1,7.76,null,NON,null,NO,11.91*12.05-7.76,STK TO THK,null,null,38.59,17.94,39.8,41.57,null,null,null,MUMBAI,null,,,https://d1wzmxdlubs910.cloudfront.net/VIDEOS/1009092.html,https://d1wzmxdlubs910.cloudfront.net/VIDEOS_MP4/1009092.mp4,,,https://d1wzmxdlubs910.cloudfront.net/DIAMONDIMG/1009092.jpg,,,NO,0.26,ANGOLA,,,10.66,7.2,0,-37.5,3000.0,21600.0
MKAV,6107001,ROUND,6.35,L,VS2,12500.0,EX,EX,EX,NON,YT,NB,NO,EC0,11.73,11.81,62.9,58.0,7.4,null,GIA,null,null,11.73*11.81-7.40,STK,null,null,33.5,14.0,41.6,44.5,Feather  Cloud  Crystal  Needle,1397581565,Additional clouds  pinpoints and internal graining are not shown.,HONGKONG,GIA 1397581565 ,https://d1wzmxdlubs910.cloudfront.net/ARRIMG/6107001.jpg,https://d1wzmxdlubs910.cloudfront.net/CERTIMG/1397581565.jpg,https://d1wzmxdlubs910.cloudfront.net/VIDEOS/6107001.html,https://d1wzmxdlubs910.cloudfront.net/VIDEOS_MP4/6107001.mp4,https://d1wzmxdlubs910.cloudfront.net/ASSET/6107001.jpg,https://d1wzmxdlubs910.cloudfront.net/HRTIMG/6107001.jpg,https://d1wzmxdlubs910.cloudfront.net/DIAMONDIMG/6107001.jpg,,,,null,NAMIBIA,,,null,6.35,0,-27.0,9125.0,57943.75
MKAV,6113004,ROUND,6.08,I,SI1,20500.0,EX,EX,EX,MED,YES,NB,NO,EC0,11.59,11.68,62.7,58.0,7.29,null,GIA,null,null,11.59*11.68-7.29,MED TO STK,null,null,33.5,14.0,41.8,44.5,Crystal  Feather  Cloud  Needle,7401445559,Additional clouds are not shown. Pinpoints are not shown.,HONGKONG,GIA 7401445559 ,https://d1wzmxdlubs910.cloudfront.net/ARRIMG/6113004.jpg,https://d1wzmxdlubs910.cloudfront.net/CERTIMG/7401445559.jpg,https://d1wzmxdlubs910.cloudfront.net/VIDEOS/6113004.html,https://d1wzmxdlubs910.cloudfront.net/VIDEOS_MP4/6113004.mp4,https://d1wzmxdlubs910.cloudfront.net/ASSET/6113004.jpg,https://d1wzmxdlubs910.cloudfront.net/HRTIMG/6113004.jpg,https://d1wzmxdlubs910.cloudfront.net/DIAMONDIMG/6113004.jpg,,,,null,,,,null,6.08,0,-27.0,14965.0,90987.2
MKAV,3386856,ROUND,6.06,FANCY LIGHT BROWN-GREENISH YELLOW,SI1,0.0,EX,EX,EX,FNT,YES,MIX-T,NO,EC2,11.55,11.64,62.4,57.0,7.23,null,GIA,null,NO,11.55*11.64-7.23,MED TO STK,null,null,36.14,15.73,40.53,42.64,Crystal  Feather  Needle,2215651458,Clouds are not shown. Pinpoints are not shown.,MUMBAI,GIA 2215651458 ,,https://d1wzmxdlubs910.cloudfront.net/CERTIMG/2215651458.jpg,https://d1wzmxdlubs910.cloudfront.net/VIDEOS/3386856.html,https://d1wzmxdlubs910.cloudfront.net/VIDEOS_MP4/3386856.mp4,https://d1wzmxdlubs910.cloudfront.net/ASSET/3386856.jpg,,https://d1wzmxdlubs910.cloudfront.net/DIAMONDIMG/3386856.jpg,,,NO,0.23,ANGOLA,,https://d1wzmxdlubs910.cloudfront.net/ROUGH_PLANNING/3386856.png,9.89,6.06,1,0.0,4550.0,27573.0
MKAV,3733331,ROUND,5.07,E,VVS2,67000.0,EX,EX,EX,FNT,NO,NB,NO,EC0,10.98,11.05,60.8,60.0,6.69,null,GIA,null,NO,10.98*11.05-6.69,MED TO STK,null,null,34.0,13.5,40.8,43.0,Pinpoint,2215863177,Additional pinpoints are not shown.,MUMBAI,GIA 2215863177 ,https://d1wzmxdlubs910.cloudfront.net/ARRIMG/3733331.jpg,https://d1wzmxdlubs910.cloudfront.net/CERTIMG/2215863177.jpg,https://d1wzmxdlubs910.cloudfront.net/VIDEOS/3733331.html,,https://d1wzmxdlubs910.cloudfront.net/ASSET/3733331.jpg,https://d1wzmxdlubs910.cloudfront.net/HRTIMG/3733331.jpg,https://d1wzmxdlubs910.cloudfront.net/DIAMONDIMG/3733331.jpg,,,NO,0.24,NAMIBIA,,,7.38,5.07,0,-47.0,35510.0,180035.7
MKAV,6107003,ROUND,5.01,H,VVS2,39000.0,EX,EX,EX,NON,NO,NB,NO,EC0,10.94,11.04,61.1,61.0,6.71,null,GIA,null,null,10.94*11.04-6.71,STK,null,null,32.5,12.5,41.4,44.0,Pinpoint  Needle,1399347282,Additional pinpoints are not shown.,HONGKONG,GIA 1399347282 ,,https://d1wzmxdlubs910.cloudfront.net/CERTIMG/1399347282.jpg,https://d1wzmxdlubs910.cloudfront.net/VIDEOS/6107003.html,https://d1wzmxdlubs910.cloudfront.net/VIDEOS_MP4/6107003.mp4,,,https://d1wzmxdlubs910.cloudfront.net/DIAMONDIMG/6107003.jpg,,,,null,NAMIBIA,,,null,5.01,0,-32.0,26520.0,132865.2
MKAV,47528,ROUND,5.99,I,VVS2,30000.0,EX,EX,EX,NON,NO,NONE,NO,null,null,null,60.0,60.0,7.12,null,HRD,null,null,11.83 - 11.90 mm x 7.12 mm,MED,11.83,11.9,32.0,12.5,41.6,44.5,,200000047422,null,BELGIUM,null,,,,,,,https://d1wzmxdlubs910.cloudfront.net/DIAMONDIMG/47528.jpg,,,,null,,,,null,5.99,0,-50.0,15000.0,89850.0
MKAV,6112006,ROUND,5.01,O-P,VVS2,12500.0,EX,EX,EX,NON,NO,NB,NO,EC0,10.84,10.91,62.3,59.0,6.78,null,GIA,null,null,10.84*10.91-6.78,STK,null,null,34.5,14.0,41.2,43.5,Pinpoint  Cloud,6395825690,null,HONGKONG,GIA 6395825690 ,https://d1wzmxdlubs910.cloudfront.net/ARRIMG/6112006.jpg,https://d1wzmxdlubs910.cloudfront.net/CERTIMG/6395825690.jpg,https://d1wzmxdlubs910.cloudfront.net/VIDEOS/6112006.html,https://d1wzmxdlubs910.cloudfront.net/VIDEOS_MP4/6112006.mp4,https://d1wzmxdlubs910.cloudfront.net/ASSET/6112006.jpg,https://d1wzmxdlubs910.cloudfront.net/HRTIMG/6112006.jpg,https://d1wzmxdlubs910.cloudfront.net/DIAMONDIMG/6112006.jpg,,,,null,NAMIBIA,,,null,5.01,0,-45.0,6875.0,34443.75
MKAV,3356,ROUND,5.01,F,VS1,53500.0,EX,EX,EX,NON,YT,NB,NO,EC0,10.98,11.01,62.2,57.0,6.84,null,GIA,null,null,10.98*11.01-6.84,MED TO STK,null,null,34.0,14.5,41.6,44.5,Cloud  Feather  Needle  Pinpoint,2211685135,null,HONGKONG,GIA 2211685135,,https://d1wzmxdlubs910.cloudfront.net/CERTIMG/2211685135.jpg,https://d1wzmxdlubs910.cloudfront.net/VIDEOS/3356.html,https://d1wzmxdlubs910.cloudfront.net/VIDEOS_MP4/3356.mp4,,,https://d1wzmxdlubs910.cloudfront.net/DIAMONDIMG/3356.jpg,,,,null,,,,null,5.01,0,-33.4991,35578.0,178245.78
MKAV,49284,ROUND,5.51,H,VS1,35000.0,EX,EX,EX,NON,null,NONE,NO,null,null,null,61.9,58.0,7.04,null,HRD,null,null,11.32 - 11.40 mm x 7.04 mm,MED,11.32,11.4,33.1,13.5,41.8,44.5,,210000044940,null,BELGIUM,null,,,,,,,https://d1wzmxdlubs910.cloudfront.net/DIAMONDIMG/49284.jpg,,,,null,,,,null,5.51,0,-52.0,16800.0,92568.0
MKAV,6119001,ROUND,5.42,J,VS1,21500.0,EX,EX,EX,NON,NO,NB,NO,EC0,11.19,11.27,62.3,59.0,6.99,null,GIA,null,null,11.19*11.27-6.99,STK,null,null,32.5,13.5,41.8,44.5,Crystal  Feather  Pinpoint  Cloud,7398825643,Additional pinpoints are not shown.,HONGKONG,GIA 7398825643 ,https://d1wzmxdlubs910.cloudfront.net/ARRIMG/6119001.jpg,,https://d1wzmxdlubs910.cloudfront.net/VIDEOS/6119001.html,,https://d1wzmxdlubs910.cloudfront.net/ASSET/6119001.jpg,https://d1wzmxdlubs910.cloudfront.net/HRTIMG/6119001.jpg,https://d1wzmxdlubs910.cloudfront.net/DIAMONDIMG/6119001.jpg,,,,null,NAMIBIA,,,null,5.42,0,-27.0,15695.0,85066.9
MKAV,6107008,ROUND,5.0,J,VS1,21500.0,EX,EX,EX,NON,NO,NB,NO,EC0,10.89,10.98,62.4,57.0,6.83,null,GIA,null,null,10.89*10.98-6.83,STK,null,null,32.0,13.5,41.8,44.5,Feather  Pinpoint,1399581614,null,HONGKONG,GIA 1399581614 ,https://d1wzmxdlubs910.cloudfront.net/ARRIMG/6107008.jpg,https://d1wzmxdlubs910.cloudfront.net/CERTIMG/1399581614.jpg,https://d1wzmxdlubs910.cloudfront.net/VIDEOS/6107008.html,https://d1wzmxdlubs910.cloudfront.net/VIDEOS_MP4/6107008.mp4,https://d1wzmxdlubs910.cloudfront.net/ASSET/6107008.jpg,https://d1wzmxdlubs910.cloudfront.net/HRTIMG/6107008.jpg,https://d1wzmxdlubs910.cloudfront.net/DIAMONDIMG/6107008.jpg,,,,null,NAMIBIA,,,null,5.0,0,-29.4977,15158.0,75790.0
MKAV,3000856,ROUND,5.72,F,VS2,45000.0,EX,EX,EX,NON,YT,NB,NO,EC0,11.42,11.5,61.4,58.0,7.03,null,GIA,null,YES,11.42*11.50-7.03,MED TO STK,null,null,34.0,14.0,41.0,43.5,Crystal  Feather  Needle,6217750755,Clouds are not shown. Pinpoints are not shown.,MUMBAI,GIA 6217750755 ,https://d1wzmxdlubs910.cloudfront.net/ARRIMG/3000856.jpg,https://d1wzmxdlubs910.cloudfront.net/CERTIMG/6217750755.jpg,https://d1wzmxdlubs910.cloudfront.net/VIDEOS/3000856.html,https://d1wzmxdlubs910.cloudfront.net/VIDEOS_MP4/3000856.mp4,https://d1wzmxdlubs910.cloudfront.net/ASSET/3000856.jpg,https://d1wzmxdlubs910.cloudfront.net/HRTIMG/3000856.jpg,https://d1wzmxdlubs910.cloudfront.net/DIAMONDIMG/3000856.jpg,,,NO,0.26,NAMIBIA,https://d1wzmxdlubs910.cloudfront.net/ROUGH_PHOTO/3000856.jpg,https://d1wzmxdlubs910.cloudfront.net/ROUGH_PLANNING/3000856.png,9.04,5.72,0,-33.0,30150.0,172458.0
MKAV,3557217,ROUND,5.33,F,VS2,45000.0,EX,EX,EX,NON,YT,NB,NO,EC0,11.11,11.17,61.7,58.0,6.87,null,GIA,null,YES,11.11*11.17-6.87,STK,null,null,35.5,15.0,40.6,43.0,Crystal  Feather  Needle,2215800423,Clouds  pinpoints  internal graining and surface graining are not shown.,MUMBAI,GIA 2215800423 ,https://d1wzmxdlubs910.cloudfront.net/ARRIMG/3557217.jpg,https://d1wzmxdlubs910.cloudfront.net/CERTIMG/2215800423.jpg,https://d1wzmxdlubs910.cloudfront.net/VIDEOS/3557217.html,https://d1wzmxdlubs910.cloudfront.net/VIDEOS_MP4/3557217.mp4,,https://d1wzmxdlubs910.cloudfront.net/HRTIMG/3557217.jpg,https://d1wzmxdlubs910.cloudfront.net/DIAMONDIMG/3557217.jpg,,,NO,0.24,NAMIBIA,https://d1wzmxdlubs910.cloudfront.net/ROUGH_PHOTO/3557217.jpg,https://d1wzmxdlubs910.cloudfront.net/ROUGH_PLANNING/3557217.png,11.49,5.33,0,-35.5,29025.0,154703.25
MKAV,3969083,ROUND,5.02,I,VS2,24000.0,GD,VG,VG,NON,YT1,LB,NO,EC0,10.32,10.48,66.4,58.0,6.91,null,GIA,null,NO,10.32*10.48-6.91,THK TO VTK,null,null,40.0,17.5,40.0,42.0,Crystal  Needle,6214889570,Clouds  pinpoints and internal graining are not shown.,MUMBAI,GIA 6214889570 ,https://d1wzmxdlubs910.cloudfront.net/ARRIMG/3969083.jpg,https://d1wzmxdlubs910.cloudfront.net/CERTIMG/6214889570.jpg,https://d1wzmxdlubs910.cloudfront.net/VIDEOS/3969083.html,https://d1wzmxdlubs910.cloudfront.net/VIDEOS_MP4/3969083.mp4,,https://d1wzmxdlubs910.cloudfront.net/HRTIMG/3969083.jpg,https://d1wzmxdlubs910.cloudfront.net/DIAMONDIMG/3969083.jpg,,,NO,0.28,NAMIBIA,,,10.56,5.02,0,-52.0,11520.0,57830.4
MKAV,6106006,ROUND,5.13,J,VS2,20000.0,EX,EX,EX,NON,YT1,NB,NO,EC0,11.13,11.17,60.8,59.0,6.78,null,GIA,null,null,11.13*11.17-6.78,MED TO STK,null,null,32.0,12.5,41.6,44.0,Crystal  Feather  Cloud  Needle,6392347335,Additional clouds are not shown. Pinpoints are not shown.,HONGKONG,GIA 6392347335 ,https://d1wzmxdlubs910.cloudfront.net/ARRIMG/6106006.jpg,https://d1wzmxdlubs910.cloudfront.net/CERTIMG/6392347335.jpg,https://d1wzmxdlubs910.cloudfront.net/VIDEOS/6106006.html,https://d1wzmxdlubs910.cloudfront.net/VIDEOS_MP4/6106006.mp4,,https://d1wzmxdlubs910.cloudfront.net/HRTIMG/6106006.jpg,https://d1wzmxdlubs910.cloudfront.net/DIAMONDIMG/6106006.jpg,,,,null,NAMIBIA,,,null,5.13,0,-30.5,13900.0,71307.0
MKAV,6106002,ROUND,5.1,J,VS2,20000.0,EX,EX,EX,NON,YT1,NB,NO,EC0,10.99,11.05,61.9,56.0,6.82,null,GIA,null,null,10.99*11.05-6.82,STK,null,null,32.0,14.0,41.2,43.5,Feather  Crystal  Needle,3395347360,Clouds are not shown. Pinpoints are not shown.,HONGKONG,GIA 3395347360 ,https://d1wzmxdlubs910.cloudfront.net/ARRIMG/6106002.jpg,https://d1wzmxdlubs910.cloudfront.net/CERTIMG/3395347360.jpg,https://d1wzmxdlubs910.cloudfront.net/VIDEOS/6106002.html,https://d1wzmxdlubs910.cloudfront.net/VIDEOS_MP4/6106002.mp4,,https://d1wzmxdlubs910.cloudfront.net/HRTIMG/6106002.jpg,https://d1wzmxdlubs910.cloudfront.net/DIAMONDIMG/6106002.jpg,,,,null,NAMIBIA,,,null,5.1,0,-30.5,13900.0,70890.0
MKAV,1915092,ROUND,5.08,K,VS2,16000.0,EX,EX,EX,NON,YES,NB,NO,EC0,10.88,10.96,62.9,58.0,6.87,null,GIA,null,NO,10.88*10.96-6.87,STK,null,null,34.5,14.5,41.6,44.5,Cloud  Crystal  Feather  Needle,6214931951,Additional clouds are not shown. Pinpoints are not shown.,MUMBAI,GIA 6214931951 ,https://d1wzmxdlubs910.cloudfront.net/ARRIMG/1915092.jpg,https://d1wzmxdlubs910.cloudfront.net/CERTIMG/6214931951.jpg,https://d1wzmxdlubs910.cloudfront.net/VIDEOS/1915092.html,https://d1wzmxdlubs910.cloudfront.net/VIDEOS_MP4/1915092.mp4,https://d1wzmxdlubs910.cloudfront.net/ASSET/1915092.jpg,https://d1wzmxdlubs910.cloudfront.net/HRTIMG/1915092.jpg,https://d1wzmxdlubs910.cloudfront.net/DIAMONDIMG/1915092.jpg,,https://d1wzmxdlubs910.cloudfront.net/PLOTIMG/1915092.png,NO,0.28,NAMIBIA,,,8.2,5.08,0,-29.5,11280.0,57302.4
MKAV,6097003,ROUND,5.07,K,VS2,16000.0,EX,EX,EX,NON,YT1,NB,NO,EC0,10.96,11.02,61.2,59.0,6.73,null,GIA,null,null,10.96*11.02-6.73,MED TO STK,null,null,34.0,14.0,40.8,43.0,Crystal  Feather  Needle,6382937631,Pinpoints are not shown. Surface graining is not shown.,HONGKONG,GIA 6382937631 ,https://d1wzmxdlubs910.cloudfront.net/ARRIMG/6097003.jpg,https://d1wzmxdlubs910.cloudfront.net/CERTIMG/6382937631.jpg,https://d1wzmxdlubs910.cloudfront.net/VIDEOS/6097003.html,,https://d1wzmxdlubs910.cloudfront.net/ASSET/6097003.jpg,https://d1wzmxdlubs910.cloudfront.net/HRTIMG/6097003.jpg,https://d1wzmxdlubs910.cloudfront.net/DIAMONDIMG/6097003.jpg,,,,null,NAMIBIA,,,null,5.07,0,-28.0,11520.0,58406.4
MKAV,6119004,ROUND,5.01,L,VS2,12500.0,EX,EX,EX,NON,YT1,NB,NO,EC0,10.79,10.88,62.9,56.0,6.82,null,GIA,null,null,10.79*10.88-6.82,MED TO STK,null,null,36.5,16.5,40.6,43.0,Crystal  Feather  Cloud  Needle,6402445528,Additional clouds are not shown. Pinpoints are not shown.,HONGKONG,GIA 6402445528 ,,https://d1wzmxdlubs910.cloudfront.net/CERTIMG/6402445528.jpg,,,,,https://d1wzmxdlubs910.cloudfront.net/DIAMONDIMG/6119004.jpg,,,,null,,,,null,5.01,0,-29.0,8875.0,44463.75
MKAV,3841770,ROUND,5.03,Q-R,VS2,11000.0,VG,EX,VG,FNT,YES,NB,NO,EC0,10.63,10.75,63.0,60.0,6.73,null,GIA,null,NO,10.63*10.75-6.73,THK,null,null,37.5,15.5,40.2,42.0,Feather  Needle,6217863214,Pinpoints are not shown.,MUMBAI,GIA 6217863214 ,,https://d1wzmxdlubs910.cloudfront.net/CERTIMG/6217863214.jpg,https://d1wzmxdlubs910.cloudfront.net/VIDEOS/3841770.html,,https://d1wzmxdlubs910.cloudfront.net/ASSET/3841770.jpg,,https://d1wzmxdlubs910.cloudfront.net/DIAMONDIMG/3841770.jpg,,,NO,0.26,NAMIBIA,,,9.07,5.03,0,-55.4546,4900.0,24647.0
MKAV,6106005,ROUND,5.12,I,SI1,20500.0,EX,EX,EX,NON,YT1,NB,NO,EC2,10.9,10.99,62.7,58.0,6.87,null,GIA,null,null,10.90*10.99-6.87,MED TO STK,null,null,35.5,15.0,41.2,43.5,Crystal  Feather  Cloud  Needle,7398347304,Additional clouds are not shown. Pinpoints are not shown.,HONGKONG,GIA 7398347304 ,https://d1wzmxdlubs910.cloudfront.net/ARRIMG/6106005.jpg,https://d1wzmxdlubs910.cloudfront.net/CERTIMG/7398347304.jpg,https://d1wzmxdlubs910.cloudfront.net/VIDEOS/6106005.html,https://d1wzmxdlubs910.cloudfront.net/VIDEOS_MP4/6106005.mp4,,https://d1wzmxdlubs910.cloudfront.net/HRTIMG/6106005.jpg,https://d1wzmxdlubs910.cloudfront.net/DIAMONDIMG/6106005.jpg,,,,null,NAMIBIA,,,null,5.12,0,-29.4976,14453.0,73999.36
MKAV,6113014,ROUND,5.16,S-T,SI1,10000.0,EX,EX,EX,FNT,YT1,LB,NO,EC1,11.08,11.11,61.1,59.0,6.78,null,GIA,null,null,11.08*11.11-6.78,STK,null,null,32.5,13.0,41.2,43.5,Crystal  Feather  Etch Channel  Needle,6402479220,Clouds are not shown.,HONGKONG,GIA 6402479220 ,https://d1wzmxdlubs910.cloudfront.net/ARRIMG/6113014.jpg,https://d1wzmxdlubs910.cloudfront.net/CERTIMG/6402479220.jpg,https://d1wzmxdlubs910.cloudfront.net/VIDEOS/6113014.html,https://d1wzmxdlubs910.cloudfront.net/VIDEOS_MP4/6113014.mp4,https://d1wzmxdlubs910.cloudfront.net/ASSET/6113014.jpg,https://d1wzmxdlubs910.cloudfront.net/HRTIMG/6113014.jpg,https://d1wzmxdlubs910.cloudfront.net/DIAMONDIMG/6113014.jpg,,,,null,,,,null,5.16,0,-59.0,4100.0,21156.0
MKAV,1900699,ROUND,5.02,J,SI2,15000.0,EX IDEAL,EX,EX,FNT,YT,NB,NO,EC2,11.06,11.13,60.0,59.0,6.65,null,IGI,null,NO,11.06*11.13-6.65,MED TO STK,null,null,34.4,14.0,40.6,43.0,FEATHER CLOUD TWINING WIPS,472198661,IDEAL CUT ROUND BRILLIANT,MUMBAI,IGI 472198661,https://d1wzmxdlubs910.cloudfront.net/ARRIMG/1900699.jpg,https://d1wzmxdlubs910.cloudfront.net/CERTIMG/472198661.jpg,https://d1wzmxdlubs910.cloudfront.net/VIDEOS/1900699.html,https://d1wzmxdlubs910.cloudfront.net/VIDEOS_MP4/1900699.mp4,https://d1wzmxdlubs910.cloudfront.net/ASSET/1900699.jpg,https://d1wzmxdlubs910.cloudfront.net/HRTIMG/1900699.jpg,https://d1wzmxdlubs910.cloudfront.net/DIAMONDIMG/1900699.jpg,,,NO,0.26,ANGOLA,,https://d1wzmxdlubs910.cloudfront.net/ROUGH_PLANNING/1900699.png,6.45,5.02,0,-48.0,7800.0,39156.0
MKAV,1479086,ROUND,5.07,G,I1,9000.0,VG,EX,GD,NON,YT2,NB,NO,EC2,10.68,10.83,62.8,60.5,6.76,null,IGI,null,NO,10.68*10.83-6.76,STK TO THK,null,null,37.6,15.5,40.2,42.0,,480161799,N/A,MUMBAI,N/A,,https://d1wzmxdlubs910.cloudfront.net/CERTIMG/480161799.jpg,https://d1wzmxdlubs910.cloudfront.net/VIDEOS/1479086.html,,,,https://d1wzmxdlubs910.cloudfront.net/DIAMONDIMG/1479086.jpg,,,NO,0.28,ANGOLA,https://d1wzmxdlubs910.cloudfront.net/ROUGH_PHOTO/1479086.jpg,,9.14,5.07,0,-36.1667,5745.0,29127.15
MKAV,5846010,ROUND,5.1,I,I1,7600.0,EX,EX,EX,FNT,YT2,MIX-T,NO,EC2,10.84,10.93,62.38,57.7,6.8,null,NON,null,NO,10.84*10.93-6.80,STK,0.0,0.0,36.17,15.47,40.58,42.73,FEATHER CRYSTAL CLOUD TWINING WIPS,,,MUMBAI,,https://d1wzmxdlubs910.cloudfront.net/ARRIMG/5846010.jpg,https://d1wzmxdlubs910.cloudfront.net/CERTIMG/.jpg,https://d1wzmxdlubs910.cloudfront.net/VIDEOS/5846010.html,https://d1wzmxdlubs910.cloudfront.net/VIDEOS_MP4/5846010.mp4,,,https://d1wzmxdlubs910.cloudfront.net/DIAMONDIMG/5846010.jpg,,,,0.01,NAMIBIA,,,0.0,5.1,0,-43.4211,4300.0,21930.0
MKAV,6108003,ROUND,4.02,E,VVS1,55500.0,EX,EX,EX,NON,NO,NB,NO,EC0,10.02,10.1,62.8,58.0,6.32,null,GIA,null,null,10.02*10.10-6.32,STK,null,null,36.0,15.5,40.8,43.0,Pinpoint,1398825718,null,HONGKONG,GIA 1398825718 ,https://d1wzmxdlubs910.cloudfront.net/ARRIMG/6108003.jpg,,https://d1wzmxdlubs910.cloudfront.net/VIDEOS/6108003.html,https://d1wzmxdlubs910.cloudfront.net/VIDEOS_MP4/6108003.mp4,https://d1wzmxdlubs910.cloudfront.net/ASSET/6108003.jpg,https://d1wzmxdlubs910.cloudfront.net/HRTIMG/6108003.jpg,https://d1wzmxdlubs910.cloudfront.net/DIAMONDIMG/6108003.jpg,,,,null,NAMIBIA,,,null,4.02,0,-30.0,38850.0,156177.0
MKAV,49871,ROUND,4.01,G,VVS2,36500.0,EX,EX,EX,NON,null,NONE,NO,null,null,null,62.8,57.0,6.33,null,HRD,null,null,10.04 - 10.11 mm x 6.33 mm,MED,10.04,10.11,35.6,15.5,41.0,43.5,,210000104405,null,BELGIUM,null,,,,,,,,,,,null,,,,null,4.01,0,-53.0,17155.0,68791.55
MKAV,1636356,ROUND,4.5,J,VVS2,17500.0,EX,EX,EX,STG,NO,NB,NO,EC0,10.39,10.48,62.7,59.0,6.54,null,GIA,null,NO,10.39*10.48-6.54,STK,null,null,36.0,15.5,40.8,43.0,Needle  Pinpoint,1226015393,Additional pinpoints are not shown. Surface graining is not shown.,MUMBAI,GIA 1226015393 ,https://d1wzmxdlubs910.cloudfront.net/ARRIMG/1636356.jpg,https://d1wzmxdlubs910.cloudfront.net/CERTIMG/1226015393.jpg,https://d1wzmxdlubs910.cloudfront.net/VIDEOS/1636356.html,https://d1wzmxdlubs910.cloudfront.net/VIDEOS_MP4/1636356.mp4,https://d1wzmxdlubs910.cloudfront.net/ASSET/1636356.jpg,https://d1wzmxdlubs910.cloudfront.net/HRTIMG/1636356.jpg,https://d1wzmxdlubs910.cloudfront.net/DIAMONDIMG/1636356.jpg,,https://d1wzmxdlubs910.cloudfront.net/PLOTIMG/1636356.png,NO,0.22,RUSSIA,https://d1wzmxdlubs910.cloudfront.net/ROUGH_PHOTO/1636356.jpg,https://d1wzmxdlubs910.cloudfront.net/ROUGH_PLANNING/1636356.png,7.53,4.5,0,-38.0,10850.0,48825.0
MKAV,6101004,ROUND,4.01,F,VS1,38500.0,EX,EX,EX,NON,YT,NB,NO,EC0,10.11,10.19,61.5,58.0,6.24,null,GIA,null,null,10.11*10.19-6.24,MED TO STK,null,null,35.0,14.5,40.6,42.5,Needle  Feather  Natural,2387937662,Pinpoints are not shown.,HONGKONG,GIA 2387937662 ,https://d1wzmxdlubs910.cloudfront.net/ARRIMG/6101004.jpg,https://d1wzmxdlubs910.cloudfront.net/CERTIMG/2387937662.jpg,https://d1wzmxdlubs910.cloudfront.net/VIDEOS/6101004.html,,https://d1wzmxdlubs910.cloudfront.net/ASSET/6101004.jpg,https://d1wzmxdlubs910.cloudfront.net/HRTIMG/6101004.jpg,https://d1wzmxdlubs910.cloudfront.net/DIAMONDIMG/6101004.jpg,,,,null,NAMIBIA,,,null,4.01,0,-34.4988,25218.0,101124.18
MKAV,6113003,ROUND,4.09,I,VS1,21000.0,EX,EX,EX,NON,NO,NB,NO,EC0,10.18,10.25,62.3,59.0,6.37,null,GIA,null,null,10.18*10.25-6.37,STK,null,null,32.5,13.0,41.8,44.5,Feather  Cloud  Needle,3405174017,Pinpoints are not shown.,HONGKONG,GIA 3405174017 ,https://d1wzmxdlubs910.cloudfront.net/ARRIMG/6113003.jpg,https://d1wzmxdlubs910.cloudfront.net/CERTIMG/3405174017.jpg,https://d1wzmxdlubs910.cloudfront.net/VIDEOS/6113003.html,https://d1wzmxdlubs910.cloudfront.net/VIDEOS_MP4/6113003.mp4,https://d1wzmxdlubs910.cloudfront.net/ASSET/6113003.jpg,https://d1wzmxdlubs910.cloudfront.net/HRTIMG/6113003.jpg,https://d1wzmxdlubs910.cloudfront.net/DIAMONDIMG/6113003.jpg,,,,null,,,,null,4.09,0,-26.0,15540.0,63558.6
MKAV,6107016,ROUND,4.05,K,VS1,14000.0,EX,EX,EX,NON,NO,NB,NO,EC0,10.21,10.25,61.6,59.0,6.3,null,GIA,null,null,10.21*10.25-6.30,STK,null,null,31.5,12.5,41.8,44.5,Crystal  Feather  Cloud  Needle,1398581666,Additional clouds are not shown. Internal graining is not shown.,HONGKONG,GIA 1398581666 ,https://d1wzmxdlubs910.cloudfront.net/ARRIMG/6107016.jpg,https://d1wzmxdlubs910.cloudfront.net/CERTIMG/1398581666.jpg,https://d1wzmxdlubs910.cloudfront.net/VIDEOS/6107016.html,https://d1wzmxdlubs910.cloudfront.net/VIDEOS_MP4/6107016.mp4,https://d1wzmxdlubs910.cloudfront.net/ASSET/6107016.jpg,https://d1wzmxdlubs910.cloudfront.net/HRTIMG/6107016.jpg,https://d1wzmxdlubs910.cloudfront.net/DIAMONDIMG/6107016.jpg,,,,null,NAMIBIA,,,null,4.05,0,-29.5,9870.0,39973.5
MKAV,6101032,ROUND,4.02,K,VS1,14000.0,EX,EX,EX,NON,NO,NB,NO,EC0,10.12,10.18,62.1,59.0,6.3,null,GIA,null,null,10.12*10.18-6.30,MED TO STK,null,null,33.5,13.5,41.6,44.0,Crystal  Cloud,1383937716,Additional clouds are not shown. Pinpoints are not shown.,HONGKONG,GIA 1383937716 ,https://d1wzmxdlubs910.cloudfront.net/ARRIMG/6101032.jpg,https://d1wzmxdlubs910.cloudfront.net/CERTIMG/1383937716.jpg,https://d1wzmxdlubs910.cloudfront.net/VIDEOS/6101032.html,,,https://d1wzmxdlubs910.cloudfront.net/HRTIMG/6101032.jpg,https://d1wzmxdlubs910.cloudfront.net/DIAMONDIMG/6101032.jpg,,,,null,NAMIBIA,,,null,4.02,0,-28.5,10010.0,40240.2
MKAV,6115107,ROUND,4.53,O-P,VS1,8800.0,EX,EX,EX,NON,YT,NB,NO,EC0,10.52,10.6,61.5,59.0,6.5,null,GIA,null,null,10.52*10.60-6.50,MED TO STK,null,null,36.0,15.0,40.6,42.5,Crystal  Feather  Needle  Cloud,2406174054,Pinpoints are not shown.,HONGKONG,GIA 2406174054 ,https://d1wzmxdlubs910.cloudfront.net/ARRIMG/6115107.jpg,https://d1wzmxdlubs910.cloudfront.net/CERTIMG/2406174054.jpg,https://d1wzmxdlubs910.cloudfront.net/VIDEOS/6115107.html,https://d1wzmxdlubs910.cloudfront.net/VIDEOS_MP4/6115107.mp4,https://d1wzmxdlubs910.cloudfront.net/ASSET/6115107.jpg,https://d1wzmxdlubs910.cloudfront.net/HRTIMG/6115107.jpg,https://d1wzmxdlubs910.cloudfront.net/DIAMONDIMG/6115107.jpg,,,,null,,,,null,4.53,0,-44.0,4928.0,22323.84
MKAV,3278035,ROUND,4.01,I,VS2,18500.0,EX,EX,EX,NON,YT1,NB,NO,EC0,10.02,10.09,62.8,58.0,6.31,null,GIA,null,NO,10.02*10.09-6.31,STK,null,null,36.0,15.5,40.8,43.0,Cloud  Crystal  Feather  Needle,5211952831,Additional clouds are not shown. Pinpoints are not shown.,MUMBAI,GIA 5211952831 ,https://d1wzmxdlubs910.cloudfront.net/ARRIMG/3278035.jpg,https://d1wzmxdlubs910.cloudfront.net/CERTIMG/5211952831.jpg,https://d1wzmxdlubs910.cloudfront.net/VIDEOS/3278035.html,https://d1wzmxdlubs910.cloudfront.net/VIDEOS_MP4/3278035.mp4,https://d1wzmxdlubs910.cloudfront.net/ASSET/3278035.jpg,https://d1wzmxdlubs910.cloudfront.net/HRTIMG/3278035.jpg,https://d1wzmxdlubs910.cloudfront.net/DIAMONDIMG/3278035.jpg,,,NO,0.28,BOTSWANA,https://d1wzmxdlubs910.cloudfront.net/ROUGH_PHOTO/3278035.jpg,https://d1wzmxdlubs910.cloudfront.net/ROUGH_PLANNING/3278035.png,6.54,4.01,0,-29.0,13135.0,52671.35
MKAV,3595218,ROUND,4.1,L,VS2,9900.0,EX,EX,EX,NON,YES,NB,NO,EC0,10.13,10.23,62.6,59.0,6.38,null,IGI,null,NO,10.13*10.23-6.38,MED TO STK,null,null,33.7,14.0,41.6,44.5,,485155715,Pre-existing laser inscription on girdle,MUMBAI,IGI 485155715,,https://d1wzmxdlubs910.cloudfront.net/CERTIMG/485155715.jpg,https://d1wzmxdlubs910.cloudfront.net/VIDEOS/3595218.html,https://d1wzmxdlubs910.cloudfront.net/VIDEOS_MP4/3595218.mp4,https://d1wzmxdlubs910.cloudfront.net/ASSET/3595218.jpg,,https://d1wzmxdlubs910.cloudfront.net/DIAMONDIMG/3595218.jpg,,,NO,0.18,NAMIBIA,,https://d1wzmxdlubs910.cloudfront.net/ROUGH_PLANNING/3595218.png,7.44,4.1,0,-45.0,5445.0,22324.5
MKAV,1357648,ROUND,4.01,L,VS2,9900.0,EX,EX,EX,NON,YT1,MIX-T,NO,EC0,10.01,10.1,62.8,57.0,6.32,null,GIA,null,NO,10.01*10.10-6.32,MED TO STK,null,null,36.0,16.0,40.6,43.0,Crystal  Feather  Needle,6213901809,Pinpoints are not shown.,MUMBAI,GIA 6213901809 ,https://d1wzmxdlubs910.cloudfront.net/ARRIMG/1357648.jpg,,https://d1wzmxdlubs910.cloudfront.net/VIDEOS/1357648.html,https://d1wzmxdlubs910.cloudfront.net/VIDEOS_MP4/1357648.mp4,https://d1wzmxdlubs910.cloudfront.net/ASSET/1357648.jpg,https://d1wzmxdlubs910.cloudfront.net/HRTIMG/1357648.jpg,https://d1wzmxdlubs910.cloudfront.net/DIAMONDIMG/1357648.jpg,,,NO,0.2,BOTSWANA,https://d1wzmxdlubs910.cloudfront.net/ROUGH_PHOTO/1357648.jpg,https://d1wzmxdlubs910.cloudfront.net/ROUGH_PLANNING/1357648.png,6.37,4.01,0,-37.0,6237.0,25010.37
MKAV,6114001,ROUND,4.31,G,SI1,21500.0,EX,EX,EX,NON,YT1,NB,NO,EC0,10.29,10.36,62.9,56.0,6.49,null,GIA,null,null,10.29*10.36-6.49,MED TO STK,null,null,35.5,15.5,40.8,43.0,Crystal  Cloud  Feather  Needle,5403174121,Additional clouds  pinpoints and surface graining are not shown.,HONGKONG,GIA 5403174121 ,https://d1wzmxdlubs910.cloudfront.net/ARRIMG/6114001.jpg,https://d1wzmxdlubs910.cloudfront.net/CERTIMG/5403174121.jpg,https://d1wzmxdlubs910.cloudfront.net/VIDEOS/6114001.html,https://d1wzmxdlubs910.cloudfront.net/VIDEOS_MP4/6114001.mp4,https://d1wzmxdlubs910.cloudfront.net/ASSET/6114001.jpg,https://d1wzmxdlubs910.cloudfront.net/HRTIMG/6114001.jpg,https://d1wzmxdlubs910.cloudfront.net/DIAMONDIMG/6114001.jpg,,,,null,,,,null,4.31,0,-27.0,15695.0,67645.45
MKAV,6097011,ROUND,4.06,I,SI2,13500.0,EX,EX,EX,MED,YT1,NB,SLT,EC2,10.16,10.23,62.5,54.0,6.37,null,GIA,null,null,10.16*10.23-6.37,STK,null,null,33.0,15.0,41.0,43.0,Crystal  Feather  Needle  Indented Natural,6392581495,Clouds are not shown. Pinpoints are not shown.,HONGKONG,GIA 6392581495 ,https://d1wzmxdlubs910.cloudfront.net/ARRIMG/6097011.jpg,https://d1wzmxdlubs910.cloudfront.net/CERTIMG/6392581495.jpg,https://d1wzmxdlubs910.cloudfront.net/VIDEOS/6097011.html,https://d1wzmxdlubs910.cloudfront.net/VIDEOS_MP4/6097011.mp4,https://d1wzmxdlubs910.cloudfront.net/ASSET/6097011.jpg,https://d1wzmxdlubs910.cloudfront.net/HRTIMG/6097011.jpg,https://d1wzmxdlubs910.cloudfront.net/DIAMONDIMG/6097011.jpg,,,,null,NAMIBIA,,,null,4.06,0,-40.0,8100.0,32886.0
MKAV,1789840,ROUND,4.05,I,SI2,13500.0,EX IDEAL,EX,EX,NON,YT2,MIX-T,NO,EC2,10.12,10.18,62.2,57.0,6.31,null,IGI,null,NO,10.12*10.18-6.31,MED TO STK,null,null,36.2,15.5,40.6,43.0,NEEDLE FEATHER CRYSTAL KNOT TWINNING WISP,490104878,IDEAL CUT ROUND BRILLIANT,MUMBAI,IGI 490104878,,https://d1wzmxdlubs910.cloudfront.net/CERTIMG/490104878.jpg,https://d1wzmxdlubs910.cloudfront.net/VIDEOS/1789840.html,https://d1wzmxdlubs910.cloudfront.net/VIDEOS_MP4/1789840.mp4,,,https://d1wzmxdlubs910.cloudfront.net/DIAMONDIMG/1789840.jpg,,,NO,0.27,DTC,,https://d1wzmxdlubs910.cloudfront.net/ROUGH_PLANNING/1789840.png,8.85,4.05,0,-45.0,7425.0,30071.25
MKAV,1792199,ROUND,4.1,K,SI2,10500.0,VG,EX,VG,NON,YT2,MIX-T,NO,EC2,9.93,10.03,63.9,58.5,6.38,null,IGI,null,NO,9.93*10.03-6.38,STK TO THK,null,null,37.6,16.0,40.5,42.5,,478116303,N/A,MUMBAI,IGI 478116303,,https://d1wzmxdlubs910.cloudfront.net/CERTIMG/478116303.jpg,https://d1wzmxdlubs910.cloudfront.net/VIDEOS/1792199.html,https://d1wzmxdlubs910.cloudfront.net/VIDEOS_MP4/1792199.mp4,,,https://d1wzmxdlubs910.cloudfront.net/DIAMONDIMG/1792199.jpg,,,NO,0.22,ANGOLA,https://d1wzmxdlubs910.cloudfront.net/ROUGH_PHOTO/1792199.jpg,https://d1wzmxdlubs910.cloudfront.net/ROUGH_PLANNING/1792199.png,7.1,4.1,0,-59.0,4305.0,17650.5
MKAV,1155455,ROUND,4.26,N,SI2,6700.0,EX,EX,EX,SLIGHT,YT,NB,NO,EC1,10.17,10.25,63.2,57.0,6.47,null,IGI,null,NO,10.17*10.25-6.47,MED TO STK,null,null,36.4,16.0,40.8,43.0,FEATHER CRYSTAL CLOUD TWINING WIPS,487189410,N/A,MUMBAI,IGI 487189410,,https://d1wzmxdlubs910.cloudfront.net/CERTIMG/487189410.jpg,https://d1wzmxdlubs910.cloudfront.net/VIDEOS/1155455.html,https://d1wzmxdlubs910.cloudfront.net/VIDEOS_MP4/1155455.mp4,,,https://d1wzmxdlubs910.cloudfront.net/DIAMONDIMG/1155455.jpg,,,NO,0.29,RUSSIA,,https://d1wzmxdlubs910.cloudfront.net/ROUGH_PLANNING/1155455.png,8.77,4.26,0,-52.2389,3200.0,13632.0
MKAV,1278795,ROUND,4.01,I,I1,7000.0,VG,VG,GD,MED,YT2,NB,NO,EC2,9.67,9.92,64.73,56.9,6.37,null,NON,null,NO,9.67*9.92-6.37,STK TO THK,null,null,38.16,16.89,40.22,42.2,,null,null,MUMBAI,null,,,https://d1wzmxdlubs910.cloudfront.net/VIDEOS/1278795.html,https://d1wzmxdlubs910.cloudfront.net/VIDEOS_MP4/1278795.mp4,,,https://d1wzmxdlubs910.cloudfront.net/DIAMONDIMG/1278795.jpg,,,NO,0.21,RUSSIA,https://d1wzmxdlubs910.cloudfront.net/ROUGH_PHOTO/1278795.jpg,https://d1wzmxdlubs910.cloudfront.net/ROUGH_PLANNING/1278795.png,8.24,4.01,0,-28.2143,5025.0,20150.25
MKAV,6108001,ROUND,3.55,D,IF,64000.0,EX,EX,EX,NON,NO,NB,NO,EC0,9.82,9.89,60.1,59.0,5.92,null,GIA,null,null,9.82*9.89-5.92,STK,null,null,33.0,13.5,40.8,43.0,,6395864661,Minor details of polish are not shown.,HONGKONG,GIA 6395864661 ,https://d1wzmxdlubs910.cloudfront.net/ARRIMG/6108001.jpg,https://d1wzmxdlubs910.cloudfront.net/CERTIMG/6395864661.jpg,https://d1wzmxdlubs910.cloudfront.net/VIDEOS/6108001.html,https://d1wzmxdlubs910.cloudfront.net/VIDEOS_MP4/6108001.mp4,https://d1wzmxdlubs910.cloudfront.net/ASSET/6108001.jpg,https://d1wzmxdlubs910.cloudfront.net/HRTIMG/6108001.jpg,https://d1wzmxdlubs910.cloudfront.net/DIAMONDIMG/6108001.jpg,,,,null,NAMIBIA,,,null,3.55,0,-28.0,46080.0,163584.0
MKAV,6115005,ROUND,3.17,D,IF,64000.0,EX,EX,EX,FNT,NO,NB,NO,EC0,9.47,9.53,60.3,58.0,5.74,null,GIA,null,null,9.47*9.53-5.74,MED TO STK,null,null,33.0,13.5,40.8,43.0,,6401457867,Surface graining is not shown. Minor details of polish are not shown.,HONGKONG,GIA 6401457867 ,https://d1wzmxdlubs910.cloudfront.net/ARRIMG/6115005.jpg,https://d1wzmxdlubs910.cloudfront.net/CERTIMG/6401457867.jpg,https://d1wzmxdlubs910.cloudfront.net/VIDEOS/6115005.html,https://d1wzmxdlubs910.cloudfront.net/VIDEOS_MP4/6115005.mp4,https://d1wzmxdlubs910.cloudfront.net/ASSET/6115005.jpg,https://d1wzmxdlubs910.cloudfront.net/HRTIMG/6115005.jpg,https://d1wzmxdlubs910.cloudfront.net/DIAMONDIMG/6115005.jpg,,,,null,,,,null,3.17,0,-44.0,35840.0,113612.8
MKAV,1594669,ROUND,3.15,D,IF,64000.0,EX,EX,EX,NON,NO,NB,NO,EC0,9.37,9.44,61.6,56.0,5.79,null,GIA,YES,YES,9.37*9.44-5.79,STK,null,null,34.0,15.0,40.6,43.0,,6405247289,Minor details of polish are not shown.,MUMBAI,GIA 6405247289 ,https://d1wzmxdlubs910.cloudfront.net/ARRIMG/1594669.jpg,https://d1wzmxdlubs910.cloudfront.net/CERTIMG/6405247289.jpg,https://d1wzmxdlubs910.cloudfront.net/VIDEOS/1594669.html,https://d1wzmxdlubs910.cloudfront.net/VIDEOS_MP4/1594669.mp4,https://d1wzmxdlubs910.cloudfront.net/ASSET/1594669.jpg,https://d1wzmxdlubs910.cloudfront.net/HRTIMG/1594669.jpg,https://d1wzmxdlubs910.cloudfront.net/DIAMONDIMG/1594669.jpg,,,NO,0.18,BOTSWANA,https://d1wzmxdlubs910.cloudfront.net/ROUGH_PHOTO/1594669.jpg,https://d1wzmxdlubs910.cloudfront.net/ROUGH_PLANNING/1594669.png,5.32,3.15,0,-33.0,42880.0,135072.0
MKAV,1919657,ROUND,3.02,D,IF,64000.0,EX,EX,EX,STG,NO,NB,NO,EC0,9.16,9.24,62.4,59.0,5.74,null,GIA,null,NO,9.16*9.24-5.74,STK,null,null,33.5,13.5,41.6,44.5,,6402448127,Minor details of polish are not shown.,MUMBAI,GIA 6402448127 ,https://d1wzmxdlubs910.cloudfront.net/ARRIMG/1919657.jpg,https://d1wzmxdlubs910.cloudfront.net/CERTIMG/6402448127.jpg,https://d1wzmxdlubs910.cloudfront.net/VIDEOS/1919657.html,https://d1wzmxdlubs910.cloudfront.net/VIDEOS_MP4/1919657.mp4,https://d1wzmxdlubs910.cloudfront.net/ASSET/1919657.jpg,https://d1wzmxdlubs910.cloudfront.net/HRTIMG/1919657.jpg,https://d1wzmxdlubs910.cloudfront.net/DIAMONDIMG/1919657.jpg,,,NO,0.23,RUSSIA,https://d1wzmxdlubs910.cloudfront.net/ROUGH_PHOTO/1919657.jpg,https://d1wzmxdlubs910.cloudfront.net/ROUGH_PLANNING/1919657.png,5.58,3.02,0,-62.0,24320.0,73446.4
MKAV,49680,ROUND,3.01,H,IF,25500.0,EX,EX,EX,NON,null,NONE,NO,null,null,null,62.3,59.0,5.73,null,HRD,null,null,9.17 - 9.23 mm x 5.73 mm,MED,9.17,9.23,34.0,14.0,41.6,44.5,,210000049963,null,BELGIUM,null,,,,,,,,,,,null,,,,null,3.01,0,-49.0,13005.0,39145.05
MKAV,49626,ROUND,3.26,I,IF,21000.0,EX,EX,EX,NON,null,NONE,NO,null,null,null,62.9,57.0,5.93,null,HRD,null,null,9.39 - 9.45 mm x 5.93 mm,MED,9.39,9.45,35.5,15.5,41.0,43.5,,190000057920,null,BELGIUM,null,,,,,,,,,,,null,,,,null,3.26,0,-50.0,10500.0,34230.0
MKAV,1630096,ROUND,3.4,N,IF,9100.0,EX,EX,EX,NON,NO,NB,NO,EC0,9.53,9.6,62.0,60.0,5.93,null,GIA,null,NO,9.53*9.60-5.93,STK,null,null,34.5,13.5,41.2,43.5,,6405556017,Minor details of polish are not shown.,MUMBAI,GIA 6405556017 ,,https://d1wzmxdlubs910.cloudfront.net/CERTIMG/6405556017.jpg,https://d1wzmxdlubs910.cloudfront.net/VIDEOS/1630096.html,https://d1wzmxdlubs910.cloudfront.net/VIDEOS_MP4/1630096.mp4,https://d1wzmxdlubs910.cloudfront.net/ASSET/1630096.jpg,,https://d1wzmxdlubs910.cloudfront.net/DIAMONDIMG/1630096.jpg,,https://d1wzmxdlubs910.cloudfront.net/PLOTIMG/1630096.png,NO,0.2,,https://d1wzmxdlubs910.cloudfront.net/ROUGH_PHOTO/1630096.jpg,https://d1wzmxdlubs910.cloudfront.net/ROUGH_PLANNING/1630096.png,5.59,3.4,0,-39.0,5551.0,18873.4
MKAV,49664,ROUND,3.01,G,VVS1,31000.0,EX,EX,EX,NON,null,NONE,NO,null,null,null,59.6,60.0,5.57,null,HRD,null,null,9.31 - 9.37 mm x 5.57 mm,MED,9.31,9.37,32.0,12.5,40.8,43.0,,210000095889,null,BELGIUM,null,,,,,,,,,,,null,,,,null,3.01,0,-50.0,15500.0,46655.0
MKAV,49301,ROUND,3.3,K,VVS1,13000.0,EX,EX,EX,SLIGHT,null,NONE,NO,null,null,null,62.8,56.0,5.94,null,HRD,null,null,9.42 - 9.48 mm x 5.94 mm,MED,9.42,9.48,36.6,16.0,40.7,43.0,,210000044016,null,BELGIUM,null,,,,,,,,,,,null,,,,null,3.3,0,-51.0,6370.0,21021.0
MKAV,1886745,ROUND,3.8,D,VVS2,43500.0,EX,EX,EX,NON,YT,NB,NO,EC0,9.9,9.97,61.8,58.0,6.15,null,GIA,null,NO,9.90*9.97-6.15,STK,null,null,35.5,15.0,40.6,42.5,Cloud  Needle  Pinpoint,2215636330,null,MUMBAI,GIA 2215636330 ,,https://d1wzmxdlubs910.cloudfront.net/CERTIMG/2215636330.jpg,https://d1wzmxdlubs910.cloudfront.net/VIDEOS/1886745.html,https://d1wzmxdlubs910.cloudfront.net/VIDEOS_MP4/1886745.mp4,,,https://d1wzmxdlubs910.cloudfront.net/DIAMONDIMG/1886745.jpg,,,NO,0.28,RUSSIA,https://d1wzmxdlubs910.cloudfront.net/ROUGH_PHOTO/1886745.jpg,https://d1wzmxdlubs910.cloudfront.net/ROUGH_PLANNING/1886745.png,6.74,3.8,0,-22.4989,33713.0,128109.4
MKAV,1513022,ROUND,3.0,D,VVS2,43500.0,GD,EX,GD,STG,YES,NB,NO,EC0,8.63,8.8,66.9,59.0,5.83,null,GIA,null,NO,8.63*8.80-5.83,THK TO VTK,null,null,40.0,17.5,40.4,42.5,Pinpoint  Needle  Indented Natural,7401098918,Additional pinpoints are not shown. Surface graining is not shown.,MUMBAI,GIA 7401098918 ,https://d1wzmxdlubs910.cloudfront.net/ARRIMG/1513022.jpg,https://d1wzmxdlubs910.cloudfront.net/CERTIMG/7401098918.jpg,https://d1wzmxdlubs910.cloudfront.net/VIDEOS/1513022.html,https://d1wzmxdlubs910.cloudfront.net/VIDEOS_MP4/1513022.mp4,,https://d1wzmxdlubs910.cloudfront.net/HRTIMG/1513022.jpg,https://d1wzmxdlubs910.cloudfront.net/DIAMONDIMG/1513022.jpg,,,NO,0.31,BOTSWANA,https://d1wzmxdlubs910.cloudfront.net/ROUGH_PHOTO/1513022.jpg,https://d1wzmxdlubs910.cloudfront.net/ROUGH_PLANNING/1513022.png,4.93,3.0,0,-67.0,14355.0,43065.0
MKAV,6108017,ROUND,3.13,J,VVS2,15000.0,EX,EX,EX,NON,NO,NB,NO,EC0,9.26,9.33,62.9,56.0,5.85,null,GIA,null,null,9.26*9.33-5.85,MED TO STK,null,null,36.5,16.5,40.6,43.0,Needle  Cloud,5396608671,null,HONGKONG,GIA 5396608671 ,https://d1wzmxdlubs910.cloudfront.net/ARRIMG/6108017.jpg,https://d1wzmxdlubs910.cloudfront.net/CERTIMG/5396608671.jpg,https://d1wzmxdlubs910.cloudfront.net/VIDEOS/6108017.html,https://d1wzmxdlubs910.cloudfront.net/VIDEOS_MP4/6108017.mp4,https://d1wzmxdlubs910.cloudfront.net/ASSET/6108017.jpg,https://d1wzmxdlubs910.cloudfront.net/HRTIMG/6108017.jpg,https://d1wzmxdlubs910.cloudfront.net/DIAMONDIMG/6108017.jpg,,,,null,NAMIBIA,,,null,3.13,0,-28.0,10800.0,33804.0
MKAV,6115038,ROUND,3.07,J,VVS2,15000.0,EX,EX,EX,NON,NO,NB,NO,EC0,9.2,9.27,62.9,59.0,5.81,null,GIA,null,null,9.20*9.27-5.81,MED TO STK,null,null,33.5,13.5,41.8,44.5,Needle,7406212638,null,HONGKONG,GIA 7406212638 ,https://d1wzmxdlubs910.cloudfront.net/ARRIMG/6115038.jpg,https://d1wzmxdlubs910.cloudfront.net/CERTIMG/7406212638.jpg,https://d1wzmxdlubs910.cloudfront.net/VIDEOS/6115038.html,https://d1wzmxdlubs910.cloudfront.net/VIDEOS_MP4/6115038.mp4,https://d1wzmxdlubs910.cloudfront.net/ASSET/6115038.jpg,https://d1wzmxdlubs910.cloudfront.net/HRTIMG/6115038.jpg,https://d1wzmxdlubs910.cloudfront.net/DIAMONDIMG/6115038.jpg,,,,null,,,,null,3.07,0,-28.0,10800.0,33156.0
MKAV,1224204,ROUND,3.27,O-P,VVS2,8200.0,EX,EX,EX,NON,NO,NB,NO,EC0,9.34,9.42,62.9,57.0,5.9,null,GIA,null,NO,9.34*9.42-5.90,STK,null,null,36.0,16.0,40.6,43.0,Cloud,2396712991,null,MUMBAI,GIA 2396712991 ,,https://d1wzmxdlubs910.cloudfront.net/CERTIMG/2396712991.jpg,https://d1wzmxdlubs910.cloudfront.net/VIDEOS/1224204.html,https://d1wzmxdlubs910.cloudfront.net/VIDEOS_MP4/1224204.mp4,https://d1wzmxdlubs910.cloudfront.net/ASSET/1224204.jpg,,https://d1wzmxdlubs910.cloudfront.net/DIAMONDIMG/1224204.jpg,,https://d1wzmxdlubs910.cloudfront.net/PLOTIMG/1224204.png,NO,0.31,SOUTH AFRICA,https://d1wzmxdlubs910.cloudfront.net/ROUGH_PHOTO/1224204.jpg,https://d1wzmxdlubs910.cloudfront.net/ROUGH_PLANNING/1224204.png,6.47,3.27,0,-45.122,4500.0,14715.0
MKAV,1128441,ROUND,3.01,O-P,VVS2,8200.0,EX,EX,EX,NON,NO,NB,NO,EC0,9.08,9.16,62.9,58.0,5.74,null,GIA,null,NO,9.08*9.16-5.74,STK,null,null,36.0,15.5,40.8,43.0,Cloud  Needle  Feather,1399582112,Pre-existing laser inscription on girdle,MUMBAI,GIA 1399582112 ,,https://d1wzmxdlubs910.cloudfront.net/CERTIMG/1399582112.jpg,https://d1wzmxdlubs910.cloudfront.net/VIDEOS/1128441.html,https://d1wzmxdlubs910.cloudfront.net/VIDEOS_MP4/1128441.mp4,https://d1wzmxdlubs910.cloudfront.net/ASSET/1128441.jpg,,https://d1wzmxdlubs910.cloudfront.net/DIAMONDIMG/1128441.jpg,,,NO,0.31,NAMIBIA,https://d1wzmxdlubs910.cloudfront.net/ROUGH_PHOTO/1128441.jpg,https://d1wzmxdlubs910.cloudfront.net/ROUGH_PLANNING/1128441.png,5.41,3.01,0,-46.3415,4400.0,13244.0
MKAV,6118001,ROUND,3.74,D,VS1,36000.0,EX,EX,EX,NON,NO,NB,NO,EC0,9.87,9.94,61.6,59.0,6.1,null,GIA,null,null,9.87*9.94-6.10,STK,null,null,35.5,14.5,40.6,43.0,Crystal  Cloud  Pinpoint,5403457838,Internal graining is not shown. Surface graining is not shown.,HONGKONG,GIA 5403457838 ,,https://d1wzmxdlubs910.cloudfront.net/CERTIMG/5403457838.jpg,,,,,https://d1wzmxdlubs910.cloudfront.net/DIAMONDIMG/6118001.jpg,,,,null,,,,null,3.74,0,-25.0,27000.0,100980.0
MKAV,6108004,ROUND,3.12,E,VS1,31500.0,EX,EX,EX,NON,YT1,NB,NO,EC0,9.34,9.39,61.4,57.0,5.75,null,GIA,null,null,9.34*9.39-5.75,MED TO STK,null,null,35.0,15.0,40.6,42.5,Crystal  Feather  Cloud,3395864651,null,HONGKONG,GIA 3395864651 ,https://d1wzmxdlubs910.cloudfront.net/ARRIMG/6108004.jpg,https://d1wzmxdlubs910.cloudfront.net/CERTIMG/3395864651.jpg,https://d1wzmxdlubs910.cloudfront.net/VIDEOS/6108004.html,https://d1wzmxdlubs910.cloudfront.net/VIDEOS_MP4/6108004.mp4,https://d1wzmxdlubs910.cloudfront.net/ASSET/6108004.jpg,https://d1wzmxdlubs910.cloudfront.net/HRTIMG/6108004.jpg,https://d1wzmxdlubs910.cloudfront.net/DIAMONDIMG/6108004.jpg,,,,null,NAMIBIA,,,null,3.12,0,-31.0,21735.0,67813.2
MKAV,1120198,ROUND,3.08,E,VS1,31500.0,EX,EX,EX,MED,NO,NB,NO,EC0,9.19,9.25,62.6,56.0,5.77,null,GIA,null,NO,9.19*9.25-5.77,STK,null,null,35.5,15.5,40.6,42.5,Crystal  Pinpoint,1405099177,null,MUMBAI,GIA 1405099177 ,https://d1wzmxdlubs910.cloudfront.net/ARRIMG/1120198.jpg,https://d1wzmxdlubs910.cloudfront.net/CERTIMG/1405099177.jpg,https://d1wzmxdlubs910.cloudfront.net/VIDEOS/1120198.html,https://d1wzmxdlubs910.cloudfront.net/VIDEOS_MP4/1120198.mp4,https://d1wzmxdlubs910.cloudfront.net/ASSET/1120198.jpg,https://d1wzmxdlubs910.cloudfront.net/HRTIMG/1120198.jpg,https://d1wzmxdlubs910.cloudfront.net/DIAMONDIMG/1120198.jpg,,https://d1wzmxdlubs910.cloudfront.net/PLOTIMG/1120198.png,NO,0.2,RUSSIA,https://d1wzmxdlubs910.cloudfront.net/ROUGH_PHOTO/1120198.jpg,https://d1wzmxdlubs910.cloudfront.net/ROUGH_PLANNING/1120198.png,5.11,3.08,0,-48.0,16380.0,50450.4
MKAV,1875877,ROUND,3.01,E,VS1,31500.0,VG,VG,EX,FNT,NO,NB,NO,EC0,8.95,9.03,63.7,57.0,5.73,null,GIA,NO,null,8.95*9.03-5.73,STK TO THK,null,null,38.0,17.0,40.0,42.0,Crystal  Needle  Pinpoint,6214953298,null,MUMBAI,GIA 6214953298 ,https://d1wzmxdlubs910.cloudfront.net/ARRIMG/1875877.jpg,https://d1wzmxdlubs910.cloudfront.net/CERTIMG/6214953298.jpg,https://d1wzmxdlubs910.cloudfront.net/VIDEOS/1875877.html,https://d1wzmxdlubs910.cloudfront.net/VIDEOS_MP4/1875877.mp4,https://d1wzmxdlubs910.cloudfront.net/ASSET/1875877.jpg,https://d1wzmxdlubs910.cloudfront.net/HRTIMG/1875877.jpg,https://d1wzmxdlubs910.cloudfront.net/DIAMONDIMG/1875877.jpg,,https://d1wzmxdlubs910.cloudfront.net/PLOTIMG/1875877.png,NO,0.36,,https://d1wzmxdlubs910.cloudfront.net/ROUGH_PHOTO/1875877.jpg,,5.34,3.01,0,-50.0,15750.0,47407.5
MKAV,6108005,ROUND,3.07,F,VS1,28500.0,EX,EX,EX,NON,NO,NB,NO,EC0,9.23,9.29,61.9,58.0,5.73,null,GIA,null,null,9.23*9.29-5.73,MED TO STK,null,null,35.0,14.5,41.0,43.5,Cloud  Needle,7393609924,Additional clouds are not shown. Pinpoints are not shown.,HONGKONG,GIA 7393609924 ,https://d1wzmxdlubs910.cloudfront.net/ARRIMG/6108005.jpg,https://d1wzmxdlubs910.cloudfront.net/CERTIMG/7393609924.jpg,https://d1wzmxdlubs910.cloudfront.net/VIDEOS/6108005.html,https://d1wzmxdlubs910.cloudfront.net/VIDEOS_MP4/6108005.mp4,https://d1wzmxdlubs910.cloudfront.net/ASSET/6108005.jpg,https://d1wzmxdlubs910.cloudfront.net/HRTIMG/6108005.jpg,https://d1wzmxdlubs910.cloudfront.net/DIAMONDIMG/6108005.jpg,,,,null,NAMIBIA,,,null,3.07,0,-26.0,21090.0,64746.3
MKAV,6108007,ROUND,3.05,F,VS1,28500.0,EX,EX,EX,NON,YT,NB,NO,EC0,9.27,9.33,61.4,58.0,5.71,null,GIA,null,null,9.27*9.33-5.71,MED TO STK,null,null,35.5,15.0,40.6,43.0,Crystal  Cloud  Feather  Needle,1395609948,Additional clouds  pinpoints and surface graining are not shown.,HONGKONG,GIA 1395609948 ,https://d1wzmxdlubs910.cloudfront.net/ARRIMG/6108007.jpg,https://d1wzmxdlubs910.cloudfront.net/CERTIMG/1395609948.jpg,https://d1wzmxdlubs910.cloudfront.net/VIDEOS/6108007.html,https://d1wzmxdlubs910.cloudfront.net/VIDEOS_MP4/6108007.mp4,https://d1wzmxdlubs910.cloudfront.net/ASSET/6108007.jpg,https://d1wzmxdlubs910.cloudfront.net/HRTIMG/6108007.jpg,https://d1wzmxdlubs910.cloudfront.net/DIAMONDIMG/6108007.jpg,,,,null,NAMIBIA,,,null,3.05,0,-27.0,20805.0,63455.25
MKAV,6115016,ROUND,3.05,F,VS1,28500.0,EX,EX,EX,NON,NO,NB,NO,EC0,9.23,9.29,61.9,58.0,5.73,null,GIA,null,null,9.23*9.29-5.73,MED TO STK,null,null,35.5,15.5,40.6,43.0,Cloud  Crystal  Feather  Needle,1408212795,Pinpoints are not shown.,HONGKONG,GIA 1408212795 ,https://d1wzmxdlubs910.cloudfront.net/ARRIMG/6115016.jpg,https://d1wzmxdlubs910.cloudfront.net/CERTIMG/1408212795.jpg,https://d1wzmxdlubs910.cloudfront.net/VIDEOS/6115016.html,https://d1wzmxdlubs910.cloudfront.net/VIDEOS_MP4/6115016.mp4,https://d1wzmxdlubs910.cloudfront.net/ASSET/6115016.jpg,https://d1wzmxdlubs910.cloudfront.net/HRTIMG/6115016.jpg,https://d1wzmxdlubs910.cloudfront.net/DIAMONDIMG/6115016.jpg,,,,null,,,,null,3.05,0,-27.0,20805.0,63455.25
MKAV,3661824,ROUND,3.9,G,VS1,25000.0,EX,EX,EX,NON,YT,NB,NO,EC0,9.93,10.02,62.9,56.0,6.27,null,GIA,null,NO,9.93*10.02-6.27,MED TO STK,null,null,36.5,16.5,40.6,43.0,Cloud  Crystal,1409194329,Internal graining is not shown.,MUMBAI,GIA 1409194329 ,https://d1wzmxdlubs910.cloudfront.net/ARRIMG/3661824.jpg,https://d1wzmxdlubs910.cloudfront.net/CERTIMG/1409194329.jpg,https://d1wzmxdlubs910.cloudfront.net/VIDEOS/3661824.html,https://d1wzmxdlubs910.cloudfront.net/VIDEOS_MP4/3661824.mp4,https://d1wzmxdlubs910.cloudfront.net/ASSET/3661824.jpg,https://d1wzmxdlubs910.cloudfront.net/HRTIMG/3661824.jpg,https://d1wzmxdlubs910.cloudfront.net/DIAMONDIMG/3661824.jpg,,,NO,0.16,BOTSWANA,https://d1wzmxdlubs910.cloudfront.net/ROUGH_PHOTO/3661824.jpg,https://d1wzmxdlubs910.cloudfront.net/ROUGH_PLANNING/3661824.png,10.11,3.9,0,-18.5,20375.0,79462.5
MKAV,6091007,ROUND,3.33,I,VS1,16500.0,EX,EX,EX,NON,NO,NB,NO,EC0,9.51,9.57,61.7,58.0,5.89,null,GIA,null,null,9.51*9.57-5.89,MED TO STK,null,null,35.5,15.0,40.8,43.0,Crystal  Cloud,6381617227,Additional clouds are not shown. Pinpoints are not shown.,HONGKONG,GIA 6381617227,,https://d1wzmxdlubs910.cloudfront.net/CERTIMG/6381617227.jpg,https://d1wzmxdlubs910.cloudfront.net/VIDEOS/6091007.html,https://d1wzmxdlubs910.cloudfront.net/VIDEOS_MP4/6091007.mp4,,,https://d1wzmxdlubs910.cloudfront.net/DIAMONDIMG/6091007.jpg,,,,null,NAMIBIA,,,null,3.33,0,-28.0,11880.0,39560.4
MKAV,1454654,ROUND,3.01,I,VS1,16500.0,EX,EX,EX,NON,NO,NB,NO,EC0,9.11,9.19,62.3,58.0,5.7,null,GIA,null,NO,9.11*9.19-5.70,STK,null,null,36.0,15.5,40.6,43.0,Crystal  Feather  Needle,2406247165,Clouds are not shown. Pinpoints are not shown.,MUMBAI,GIA 2406247165 ,https://d1wzmxdlubs910.cloudfront.net/ARRIMG/1454654.jpg,https://d1wzmxdlubs910.cloudfront.net/CERTIMG/2406247165.jpg,https://d1wzmxdlubs910.cloudfront.net/VIDEOS/1454654.html,https://d1wzmxdlubs910.cloudfront.net/VIDEOS_MP4/1454654.mp4,https://d1wzmxdlubs910.cloudfront.net/ASSET/1454654.jpg,https://d1wzmxdlubs910.cloudfront.net/HRTIMG/1454654.jpg,https://d1wzmxdlubs910.cloudfront.net/DIAMONDIMG/1454654.jpg,,,NO,0.2,RUSSIA,https://d1wzmxdlubs910.cloudfront.net/ROUGH_PHOTO/1454654.jpg,https://d1wzmxdlubs910.cloudfront.net/ROUGH_PLANNING/1454654.png,4.79,3.01,0,-26.497,12128.0,36505.28
MKAV,6108062,ROUND,3.01,I,VS1,16500.0,EX,EX,EX,NON,YT,NB,NO,EC0,9.13,9.21,62.9,56.0,5.77,null,GIA,null,null,9.13*9.21-5.77,MED TO STK,null,null,35.5,16.0,40.8,43.0,Crystal  Cavity  Pinpoint  Needle,1405216511,Additional pinpoints are not shown.,HONGKONG,GIA 1405216511 ,https://d1wzmxdlubs910.cloudfront.net/ARRIMG/6108062.jpg,https://d1wzmxdlubs910.cloudfront.net/CERTIMG/1405216511.jpg,https://d1wzmxdlubs910.cloudfront.net/VIDEOS/6108062.html,https://d1wzmxdlubs910.cloudfront.net/VIDEOS_MP4/6108062.mp4,https://d1wzmxdlubs910.cloudfront.net/ASSET/6108062.jpg,https://d1wzmxdlubs910.cloudfront.net/HRTIMG/6108062.jpg,https://d1wzmxdlubs910.cloudfront.net/DIAMONDIMG/6108062.jpg,,https://d1wzmxdlubs910.cloudfront.net/PLOTIMG/6108062.png,,null,,,,null,3.01,0,-28.0,11880.0,35758.8
MKAV,1912264,ROUND,3.62,J,VS1,14000.0,EX,EX,EX,NON,YT,NB,NO,EC0,9.73,9.81,61.9,58.0,6.05,null,GIA,null,NO,9.73*9.81-6.05,MED TO STK,null,null,36.0,15.5,40.6,43.0,Crystal  Cloud  Needle,7401099042,Pinpoints are not shown.,MUMBAI,GIA 7401099042 ,https://d1wzmxdlubs910.cloudfront.net/ARRIMG/1912264.jpg,https://d1wzmxdlubs910.cloudfront.net/CERTIMG/7401099042.jpg,https://d1wzmxdlubs910.cloudfront.net/VIDEOS/1912264.html,https://d1wzmxdlubs910.cloudfront.net/VIDEOS_MP4/1912264.mp4,,,https://d1wzmxdlubs910.cloudfront.net/DIAMONDIMG/1912264.jpg,,,NO,0.19,RUSSIA,https://d1wzmxdlubs910.cloudfront.net/ROUGH_PHOTO/1912264.jpg,,6.21,3.62,0,-24.0,10640.0,38516.8
MKAV,49485,ROUND,3.01,K,VS1,11400.0,EX,EX,EX,NON,null,NONE,NO,null,null,null,62.7,57.0,5.76,null,HRD,null,null,9.14 - 9.23 mm x 5.76 mm,MED,9.14,9.23,36.5,16.0,41.0,43.5,,210000080616,null,BELGIUM,null,,,,,,,,,,,null,,,,null,3.01,0,-46.0,6156.0,18529.56
MKAV,1734497,ROUND,3.0,O-P,VS1,7700.0,EX,EX,EX,NON,NO,NB,NO,EC0,9.06,9.15,63.5,55.0,5.78,null,GIA,null,NO,9.06*9.15-5.78,MED TO STK,null,null,36.5,17.0,40.6,43.0,Feather  Pinpoint  Natural,7392582227,Pre-existing laser inscription on girdle,MUMBAI,GIA 7392582227 ,,https://d1wzmxdlubs910.cloudfront.net/CERTIMG/7392582227.jpg,https://d1wzmxdlubs910.cloudfront.net/VIDEOS/1734497.html,https://d1wzmxdlubs910.cloudfront.net/VIDEOS_MP4/1734497.mp4,https://d1wzmxdlubs910.cloudfront.net/ASSET/1734497.jpg,,https://d1wzmxdlubs910.cloudfront.net/DIAMONDIMG/1734497.jpg,,,NO,0.2,NAMIBIA,,https://d1wzmxdlubs910.cloudfront.net/ROUGH_PLANNING/1734497.png,5.64,3.0,0,-47.0,4081.0,12243.0
MKAV,5974012,ROUND,3.15,Q-R,VS1,7700.0,EX,EX,EX,FNT,YES,MIX-T,NO,EC0,9.31,9.35,62.9,57.0,5.87,null,GIA,null,null,9.31*9.35-5.87,STK,null,null,34.5,14.5,41.6,44.0,Feather  Natural,6345194003,,HONGKONG,GIA 6345194003 ,,https://d1wzmxdlubs910.cloudfront.net/CERTIMG/6345194003.jpg,https://d1wzmxdlubs910.cloudfront.net/VIDEOS/5974012.html,,,,,,https://d1wzmxdlubs910.cloudfront.net/PLOTIMG/5974012.png,,null,NAMIBIA,,,null,3.15,0,-60.4936,3042.0,9582.3
MKAV,50578,ROUND,3.02,G,VS2,22000.0,VG,EX,GD,FNT,NO,NONE,NO,null,null,null,63.7,56.0,5.76,null,GIA,null,null,9.01*9.09-5.76,null,9.01,9.09,38.5,17.5,39.8,41.5,FEATHER NEEDLE,1398865339,Clouds are not shown. Pinpoints are not shown.,BELGIUM,GIA 1398865339,,https://d1wzmxdlubs910.cloudfront.net/CERTIMG/1398865339.jpg,,,,,,,,,null,,,,null,3.02,0,-43.0,12540.0,37870.8
MKAV,6108019,ROUND,3.9,J,VS2,13000.0,EX,EX,EX,NON,YT,NB,NO,EC0,9.91,9.99,63.6,56.0,6.33,null,GIA,null,null,9.91*9.99-6.33,MED TO STK,null,null,36.5,16.5,41.0,43.5,Crystal  Cloud  Indented Natural,1393864760,null,HONGKONG,GIA 1393864760 ,https://d1wzmxdlubs910.cloudfront.net/ARRIMG/6108019.jpg,https://d1wzmxdlubs910.cloudfront.net/CERTIMG/1393864760.jpg,https://d1wzmxdlubs910.cloudfront.net/VIDEOS/6108019.html,https://d1wzmxdlubs910.cloudfront.net/VIDEOS_MP4/6108019.mp4,https://d1wzmxdlubs910.cloudfront.net/ASSET/6108019.jpg,https://d1wzmxdlubs910.cloudfront.net/HRTIMG/6108019.jpg,https://d1wzmxdlubs910.cloudfront.net/DIAMONDIMG/6108019.jpg,,,,null,NAMIBIA,,,null,3.9,0,-18.0,10660.0,41574.0
MKAV,1448879,ROUND,3.31,J,VS2,13000.0,EX,EX,EX,MED,YT1,NB,NO,EC0,9.36,9.44,62.9,57.0,5.92,null,GIA,null,NO,9.36*9.44-5.92,STK,null,null,36.0,16.0,40.6,43.0,Crystal  Cloud  Needle,7401600433,Pinpoints are not shown.,MUMBAI,GIA 7401600433 ,https://d1wzmxdlubs910.cloudfront.net/ARRIMG/1448879.jpg,https://d1wzmxdlubs910.cloudfront.net/CERTIMG/7401600433.jpg,https://d1wzmxdlubs910.cloudfront.net/VIDEOS/1448879.html,,https://d1wzmxdlubs910.cloudfront.net/ASSET/1448879.jpg,https://d1wzmxdlubs910.cloudfront.net/HRTIMG/1448879.jpg,https://d1wzmxdlubs910.cloudfront.net/DIAMONDIMG/1448879.jpg,,https://d1wzmxdlubs910.cloudfront.net/PLOTIMG/1448879.png,NO,0.28,ANGOLA,https://d1wzmxdlubs910.cloudfront.net/ROUGH_PHOTO/1448879.jpg,https://d1wzmxdlubs910.cloudfront.net/ROUGH_PLANNING/1448879.png,5.93,3.31,0,-34.0,8580.0,28399.8
MKAV,6108070,ROUND,3.02,L,VS2,8700.0,VG,EX,VG,FNT,YT1,NB,NO,EC0,8.91,9.02,64.7,55.0,5.81,null,GIA,null,null,8.91*9.02-5.81,STK TO THK,null,null,38.0,17.5,39.8,41.5,Crystal  Needle  Pinpoint,1398608734,Additional pinpoints are not shown.,HONGKONG,GIA 1398608734 ,https://d1wzmxdlubs910.cloudfront.net/ARRIMG/6108070.jpg,https://d1wzmxdlubs910.cloudfront.net/CERTIMG/1398608734.jpg,https://d1wzmxdlubs910.cloudfront.net/VIDEOS/6108070.html,https://d1wzmxdlubs910.cloudfront.net/VIDEOS_MP4/6108070.mp4,https://d1wzmxdlubs910.cloudfront.net/ASSET/6108070.jpg,https://d1wzmxdlubs910.cloudfront.net/HRTIMG/6108070.jpg,https://d1wzmxdlubs910.cloudfront.net/DIAMONDIMG/6108070.jpg,,,,null,NAMIBIA,,,null,3.02,0,-38.0,5394.0,16289.88
MKAV,1924697,ROUND,3.1,O-P,VS2,7200.0,EX,EX,EX,NON,NO,NB,NO,EC0,9.18,9.27,62.7,59.0,5.78,null,GIA,null,NO,9.18*9.27-5.78,STK,null,null,36.0,15.0,41.0,43.5,Feather,5403553074,null,MUMBAI,GIA 5403553074 ,,https://d1wzmxdlubs910.cloudfront.net/CERTIMG/5403553074.jpg,https://d1wzmxdlubs910.cloudfront.net/VIDEOS/1924697.html,https://d1wzmxdlubs910.cloudfront.net/VIDEOS_MP4/1924697.mp4,,,https://d1wzmxdlubs910.cloudfront.net/DIAMONDIMG/1924697.jpg,,https://d1wzmxdlubs910.cloudfront.net/PLOTIMG/1924697.png,NO,0.2,BOTSWANA,https://d1wzmxdlubs910.cloudfront.net/ROUGH_PHOTO/1924697.jpg,,6.33,3.1,0,-44.0,4032.0,12499.2
MKAV,1473236,ROUND,3.03,O-P,VS2,7200.0,EX,EX,EX,NON,YT,NB,NO,EC0,9.17,9.25,61.5,59.0,5.67,null,GIA,null,NO,9.17*9.25-5.67,STK,null,null,35.0,14.0,40.6,43.0,Crystal  Feather  Cloud  Needle,6392493223,Pinpoints are not shown.,MUMBAI,GIA 6392493223 ,,https://d1wzmxdlubs910.cloudfront.net/CERTIMG/6392493223.jpg,https://d1wzmxdlubs910.cloudfront.net/VIDEOS/1473236.html,https://d1wzmxdlubs910.cloudfront.net/VIDEOS_MP4/1473236.mp4,https://d1wzmxdlubs910.cloudfront.net/ASSET/1473236.jpg,,https://d1wzmxdlubs910.cloudfront.net/DIAMONDIMG/1473236.jpg,,,NO,0.3,SOUTH AFRICA,,,4.56,3.03,0,-45.0,3960.0,11998.8
MKAV,6101003,ROUND,3.25,G,SI1,18000.0,EX,EX,EX,STG,YES,NB,NO,EC0,9.42,9.49,62.1,58.0,5.87,null,GIA,null,null,9.42*9.49-5.87,MED TO STK,null,null,35.5,15.0,41.0,43.0,Cloud  Feather  Crystal  Needle,6392347376,Additional clouds are not shown. Pinpoints are not shown.,HONGKONG,GIA 6392347376 ,https://d1wzmxdlubs910.cloudfront.net/ARRIMG/6101003.jpg,https://d1wzmxdlubs910.cloudfront.net/CERTIMG/6392347376.jpg,https://d1wzmxdlubs910.cloudfront.net/VIDEOS/6101003.html,https://d1wzmxdlubs910.cloudfront.net/VIDEOS_MP4/6101003.mp4,,https://d1wzmxdlubs910.cloudfront.net/HRTIMG/6101003.jpg,https://d1wzmxdlubs910.cloudfront.net/DIAMONDIMG/6101003.jpg,,,,null,,,,null,3.25,0,-40.0,10800.0,35100.0
MKAV,6097010,ROUND,3.25,H,SI1,16000.0,EX,EX,EX,NON,YES,NB,NO,EC2,9.45,9.53,62.0,54.0,5.89,null,GIA,null,null,9.45*9.53-5.89,MED TO STK,null,null,34.5,16.0,40.6,42.5,Crystal  Feather  Cloud  Needle  Knot,3395347405,Additional clouds are not shown. Pinpoints are not shown.,HONGKONG,GIA 3395347405 ,https://d1wzmxdlubs910.cloudfront.net/ARRIMG/6097010.jpg,https://d1wzmxdlubs910.cloudfront.net/CERTIMG/3395347405.jpg,https://d1wzmxdlubs910.cloudfront.net/VIDEOS/6097010.html,https://d1wzmxdlubs910.cloudfront.net/VIDEOS_MP4/6097010.mp4,,https://d1wzmxdlubs910.cloudfront.net/HRTIMG/6097010.jpg,https://d1wzmxdlubs910.cloudfront.net/DIAMONDIMG/6097010.jpg,,,,null,NAMIBIA,,,null,3.25,0,-25.5,11920.0,38740.0
MKAV,6091015,ROUND,3.02,I,SI1,14000.0,EX,EX,EX,NON,YT1,NB,NO,EC1,9.11,9.19,62.7,59.0,5.74,null,GIA,null,null,9.11*9.19-5.74,MED TO STK,null,null,36.0,15.0,41.0,43.5,Crystal  Cloud  Feather  Needle,6395450328,Additional clouds are not shown. Pinpoints are not shown.,HONGKONG,GIA 6395450328 ,,https://d1wzmxdlubs910.cloudfront.net/CERTIMG/6395450328.jpg,https://d1wzmxdlubs910.cloudfront.net/VIDEOS/6091015.html,https://d1wzmxdlubs910.cloudfront.net/VIDEOS_MP4/6091015.mp4,,,https://d1wzmxdlubs910.cloudfront.net/DIAMONDIMG/6091015.jpg,,,,null,,,,null,3.02,0,-14.0,12040.0,36360.8
MKAV,6096004,ROUND,3.09,K,SI1,9800.0,EX,EX,EX,NON,YT,NB,NO,EC2,9.37,9.4,61.1,59.0,5.73,null,GIA,null,null,9.37*9.40-5.73,STK,null,null,31.5,12.5,41.6,44.0,Feather,6392451136,Clouds are not shown.,HONGKONG,GIA 6392451136 ,,https://d1wzmxdlubs910.cloudfront.net/CERTIMG/6392451136.jpg,https://d1wzmxdlubs910.cloudfront.net/VIDEOS/6096004.html,https://d1wzmxdlubs910.cloudfront.net/VIDEOS_MP4/6096004.mp4,,,https://d1wzmxdlubs910.cloudfront.net/DIAMONDIMG/6096004.jpg,,,,null,NAMIBIA,,,null,3.09,0,-25.0,7350.0,22711.5
MKAV,6096002,ROUND,3.07,L,SI1,8000.0,EX,EX,EX,NON,YT1,NB,NO,EC2,9.24,9.32,62.5,58.0,5.8,null,GIA,null,null,9.24*9.32-5.80,MED TO STK,null,null,33.0,13.5,41.8,44.5,Crystal  Feather  Cloud  Needle,2398451125,Additional clouds are not shown. Pinpoints are not shown.,HONGKONG,GIA 2398451125 ,https://d1wzmxdlubs910.cloudfront.net/ARRIMG/6096002.jpg,https://d1wzmxdlubs910.cloudfront.net/CERTIMG/2398451125.jpg,https://d1wzmxdlubs910.cloudfront.net/VIDEOS/6096002.html,https://d1wzmxdlubs910.cloudfront.net/VIDEOS_MP4/6096002.mp4,https://d1wzmxdlubs910.cloudfront.net/ASSET/6096002.jpg,https://d1wzmxdlubs910.cloudfront.net/HRTIMG/6096002.jpg,https://d1wzmxdlubs910.cloudfront.net/DIAMONDIMG/6096002.jpg,,,,null,NAMIBIA,,,null,3.07,0,-27.0,5840.0,17928.8
MKAV,6096011,ROUND,3.06,L,SI1,8000.0,EX,EX,EX,NON,YT,NB,NO,EC0,9.22,9.3,62.8,58.0,5.82,null,GIA,null,null,9.22*9.30-5.82,STK,null,null,34.0,14.5,41.8,44.5,Cloud  Feather  Knot  Needle,7393450875,Pinpoints are not shown.,HONGKONG,GIA 7393450875 ,,https://d1wzmxdlubs910.cloudfront.net/CERTIMG/7393450875.jpg,https://d1wzmxdlubs910.cloudfront.net/VIDEOS/6096011.html,https://d1wzmxdlubs910.cloudfront.net/VIDEOS_MP4/6096011.mp4,,,https://d1wzmxdlubs910.cloudfront.net/DIAMONDIMG/6096011.jpg,,,,null,NAMIBIA,,,null,3.06,0,-25.0,6000.0,18360.0
MKAV,6108088,ROUND,3.05,L,SI1,8000.0,EX,EX,EX,MED,YT2,NB,NO,EC2,9.25,9.3,61.2,59.0,5.68,null,GIA,null,null,9.25*9.30-5.68,STK,null,null,34.0,13.5,40.8,43.0,Crystal  Feather  Needle,6392882435,Pinpoints are not shown.,HONGKONG,GIA 6392882435 ,https://d1wzmxdlubs910.cloudfront.net/ARRIMG/6108088.jpg,https://d1wzmxdlubs910.cloudfront.net/CERTIMG/6392882435.jpg,https://d1wzmxdlubs910.cloudfront.net/VIDEOS/6108088.html,https://d1wzmxdlubs910.cloudfront.net/VIDEOS_MP4/6108088.mp4,https://d1wzmxdlubs910.cloudfront.net/ASSET/6108088.jpg,https://d1wzmxdlubs910.cloudfront.net/HRTIMG/6108088.jpg,https://d1wzmxdlubs910.cloudfront.net/DIAMONDIMG/6108088.jpg,,,,null,NAMIBIA,,,null,3.05,0,-37.0,5040.0,15372.0
MKAV,3200409,ROUND,3.05,M,SI1,6700.0,EX,EX,EX,NON,YT,NB,NO,EC2,9.39,9.45,59.5,60.0,5.61,null,GIA,null,NO,9.39*9.45-5.61,MED TO STK,null,null,31.5,12.0,41.0,43.5,Crystal  Cloud  Feather  Needle,1399260118,Additional clouds are not shown. Pinpoints are not shown.,MUMBAI,GIA 1399260118 ,https://d1wzmxdlubs910.cloudfront.net/ARRIMG/3200409.jpg,https://d1wzmxdlubs910.cloudfront.net/CERTIMG/1399260118.jpg,https://d1wzmxdlubs910.cloudfront.net/VIDEOS/3200409.html,https://d1wzmxdlubs910.cloudfront.net/VIDEOS_MP4/3200409.mp4,https://d1wzmxdlubs910.cloudfront.net/ASSET/3200409.jpg,https://d1wzmxdlubs910.cloudfront.net/HRTIMG/3200409.jpg,https://d1wzmxdlubs910.cloudfront.net/DIAMONDIMG/3200409.jpg,,,NO,0.34,NAMIBIA,https://d1wzmxdlubs910.cloudfront.net/ROUGH_PHOTO/3200409.jpg,https://d1wzmxdlubs910.cloudfront.net/ROUGH_PLANNING/3200409.png,5.46,3.05,0,-28.4926,4791.0,14612.55
MKAV,1164583,ROUND,3.03,M,SI1,6700.0,VG,EX,VG,NON,YT1,NB,NO,EC0,8.93,9.06,63.9,59.0,5.75,null,GIA,null,NO,8.93*9.06-5.75,THK,null,null,38.0,16.0,40.2,42.0,Cloud  Crystal  Feather  Needle,2211955486,Additional clouds are not shown. Pinpoints are not shown.,MUMBAI,GIA 2211955486 ,https://d1wzmxdlubs910.cloudfront.net/ARRIMG/1164583.jpg,https://d1wzmxdlubs910.cloudfront.net/CERTIMG/2211955486.jpg,https://d1wzmxdlubs910.cloudfront.net/VIDEOS/1164583.html,https://d1wzmxdlubs910.cloudfront.net/VIDEOS_MP4/1164583.mp4,https://d1wzmxdlubs910.cloudfront.net/ASSET/1164583.jpg,https://d1wzmxdlubs910.cloudfront.net/HRTIMG/1164583.jpg,https://d1wzmxdlubs910.cloudfront.net/DIAMONDIMG/1164583.jpg,,,NO,0.19,ANGOLA,https://d1wzmxdlubs910.cloudfront.net/ROUGH_PHOTO/1164583.jpg,,4.88,3.03,0,-39.0,4087.0,12383.61
MKAV,1416873,ROUND,3.5,O-P,SI1,6700.0,EX,EX,EX,FNT,YES,NB,NO,EC1,9.78,9.85,59.8,59.0,5.87,null,GIA,null,NO,9.78*9.85-5.87,MED TO STK,null,null,32.5,13.0,40.8,43.0,Twinning Wisp  Cloud  Needle  Indented Natural,2394096283,Additional twinning wisps  additional clouds  pinpoints and surface graining are not shown.,MUMBAI,GIA 2394096283 ,,https://d1wzmxdlubs910.cloudfront.net/CERTIMG/2394096283.jpg,https://d1wzmxdlubs910.cloudfront.net/VIDEOS/1416873.html,https://d1wzmxdlubs910.cloudfront.net/VIDEOS_MP4/1416873.mp4,https://d1wzmxdlubs910.cloudfront.net/ASSET/1416873.jpg,,https://d1wzmxdlubs910.cloudfront.net/DIAMONDIMG/1416873.jpg,,,NO,0.24,RUSSIA,https://d1wzmxdlubs910.cloudfront.net/ROUGH_PHOTO/1416873.jpg,https://d1wzmxdlubs910.cloudfront.net/ROUGH_PLANNING/1416873.png,5.51,3.5,0,-42.0,3886.0,13601.0
MKAV,6115117,ROUND,3.02,O-P,SI1,6700.0,GD,VG,GD,STG,YT1,NB,NO,EC1,8.63,8.85,66.9,58.0,5.85,null,GIA,null,null,8.63*8.85-5.85,VTK,null,null,40.0,18.0,39.6,41.5,Crystal  Cloud  Feather,5403254930,null,HONGKONG,GIA 5403254930 ,,https://d1wzmxdlubs910.cloudfront.net/CERTIMG/5403254930.jpg,,,,,https://d1wzmxdlubs910.cloudfront.net/DIAMONDIMG/6115117.jpg,,,,null,,,,null,3.02,0,-56.7165,2900.0,8758.0
MKAV,1009131,ROUND,3.0,O-P,SI1,6700.0,EX,EX,EX,FNT,YT1,NB,NO,EC2,9.38,9.45,58.6,62.0,5.52,null,GIA,null,NO,9.38*9.45-5.52,MED TO STK,null,null,33.0,12.0,41.0,43.0,Twinning Wisp  Feather  Crystal  Needle,7398410862,Clouds  pinpoints and surface graining are not shown.,MUMBAI,GIA 7398410862 ,,https://d1wzmxdlubs910.cloudfront.net/CERTIMG/7398410862.jpg,,,,,,,,NO,0.29,ANGOLA,,,4.93,3.0,0,-45.0,3685.0,11055.0
MKAV,1307299,ROUND,3.0,Q-R,SI1,6700.0,VG,EX,VG,MED,YES,NB,NO,EC1,8.88,9.01,64.5,57.0,5.76,null,GIA,null,NO,8.88*9.01-5.76,STK TO THK,null,null,38.5,17.5,39.8,41.5,Feather  Twinning Wisp  Cloud  Crystal  Needle,6395557609,Additional clouds  pinpoints and surface graining are not shown.,MUMBAI,GIA 6395557609 ,,https://d1wzmxdlubs910.cloudfront.net/CERTIMG/6395557609.jpg,https://d1wzmxdlubs910.cloudfront.net/VIDEOS/1307299.html,https://d1wzmxdlubs910.cloudfront.net/VIDEOS_MP4/1307299.mp4,https://d1wzmxdlubs910.cloudfront.net/ASSET/1307299.jpg,,https://d1wzmxdlubs910.cloudfront.net/DIAMONDIMG/1307299.jpg,,,NO,0.22,RUSSIA,https://d1wzmxdlubs910.cloudfront.net/ROUGH_PHOTO/1307299.jpg,https://d1wzmxdlubs910.cloudfront.net/ROUGH_PLANNING/1307299.png,4.61,3.0,0,-51.4926,3250.0,9750.0
MKAV,6019055,ROUND,3.03,FANCY LIGHT BROWNISH YELLOW,SI1,0.0,VG,EX,VG,FNT,NO,LB,NO,EC0,8.95,9.04,64.8,55.0,5.83,null,GIA,null,null,8.95*9.04-5.83,STK TO THK,null,null,null,null,null,null,Feather  Cloud  Needle,5356497842,Additional clouds  pinpoints and internal graining are not shown.,HONGKONG,GIA 5356497842 ,,https://d1wzmxdlubs910.cloudfront.net/CERTIMG/5356497842.jpg,https://d1wzmxdlubs910.cloudfront.net/VIDEOS/6019055.html,https://d1wzmxdlubs910.cloudfront.net/VIDEOS_MP4/6019055.mp4,,,https://d1wzmxdlubs910.cloudfront.net/DIAMONDIMG/6019055.jpg,,https://d1wzmxdlubs910.cloudfront.net/PLOTIMG/6019055.png,,null,NAMIBIA,,,null,3.03,1,0.0,3200.0,9696.0
MKAV,6027070,ROUND,3.02,LB,SI1,6500.0,VG-,VG,VG,FNT,YT2,LB,NO,EC0,8.39,9.02,64.74,56.84,5.81,null,NON,null,NO,8.39*9.02-5.81,STK TO THK,null,null,38.67,17.2,40.42,42.46,null,null,null,MUMBAI,null,,,,,,,,,,,0.31,NAMIBIA,,,null,3.02,0,-74.6154,1650.0,4983.0
MKAV,50216,ROUND,3.09,G,SI2,14800.0,VG,EX,VG,MED,null,NONE,NO,null,null,null,62.8,59.0,5.78,null,GIA,null,null,9.24x9.18-5.78,null,9.24,9.18,0.0,0.16,0.0,0.43,INDENTED NATURAL FEATHER CRYSTAL NEEDLE,7391108462,Clouds  pinpoints and surface graining are not shown.,BELGIUM,GIA 7391108462,,,,,,,,,,,null,,,,null,3.09,0,-35.0,9620.0,29725.8
MKAV,3351828,ROUND,3.02,I,SI2,12000.0,EX,EX,EX,NON,YES,NB,NO,EC2,9.18,9.23,62.6,58.5,5.77,null,IGI,null,NO,9.18*9.23-5.77,MED TO STK,null,null,34.1,14.0,41.7,44.5,NEEDLE FEATHER CRYSTAL TWINNING WISP,485155772,N/A,MUMBAI,IGI 485155772,https://d1wzmxdlubs910.cloudfront.net/ARRIMG/3351828.jpg,https://d1wzmxdlubs910.cloudfront.net/CERTIMG/485155772.jpg,https://d1wzmxdlubs910.cloudfront.net/VIDEOS/3351828.html,https://d1wzmxdlubs910.cloudfront.net/VIDEOS_MP4/3351828.mp4,https://d1wzmxdlubs910.cloudfront.net/ASSET/3351828.jpg,https://d1wzmxdlubs910.cloudfront.net/HRTIMG/3351828.jpg,https://d1wzmxdlubs910.cloudfront.net/DIAMONDIMG/3351828.jpg,,,YES,0.3,ANGOLA,https://d1wzmxdlubs910.cloudfront.net/ROUGH_PHOTO/3351828.jpg,https://d1wzmxdlubs910.cloudfront.net/ROUGH_PLANNING/3351828.png,5.14,3.02,0,-41.0,7080.0,21381.6
MKAV,1154530,ROUND,3.02,F,I1,7900.0,GD,VG,GD,STG,YT2,NB,NO,EC2,8.77,8.92,65.39,58.26,5.79,null,NON,null,NO,8.77*8.92-5.79,THK TO VTK,null,null,39.74,17.35,39.85,41.64,,null,null,MUMBAI,null,,,https://d1wzmxdlubs910.cloudfront.net/VIDEOS/1154530.html,https://d1wzmxdlubs910.cloudfront.net/VIDEOS_MP4/1154530.mp4,,,https://d1wzmxdlubs910.cloudfront.net/DIAMONDIMG/1154530.jpg,,,NO,0.24,,https://d1wzmxdlubs910.cloudfront.net/ROUGH_PHOTO/1154530.jpg,https://d1wzmxdlubs910.cloudfront.net/ROUGH_PLANNING/1154530.png,5.8,3.02,0,-54.4304,3600.0,10872.0
